country,region,happiness_score,gdp_per_capita,social_support,life_expectancy,freedom,generosity,corruption,year,region_avg_happiness,region_avg_gdp,happiness_vs_region,happiness_zscore
Switzerland,Western Europe,7.587,1.39651,1.34951,0.94143,0.66557,0.29678,0.41978,2015,6.689619047619048,1.2985957142857143,0.897380952380952,1.9346078229297696
Iceland,Western Europe,7.561,1.30232,1.40223,0.94784,0.62877,0.4363,0.14145,2015,6.689619047619048,1.2985957142857143,0.8713809523809521,1.9112874983452979
Denmark,Western Europe,7.527,1.32548,1.36058,0.87464,0.64938,0.34139,0.48357,2015,6.689619047619048,1.2985957142857143,0.8373809523809523,1.8807916892732965
Norway,Western Europe,7.522,1.459,1.33095,0.88521,0.66973,0.34699,0.36503,2015,6.689619047619048,1.2985957142857143,0.8323809523809524,1.8763070114685905
Canada,North America,7.427,1.32629,1.32261,0.90563,0.63297,0.45811,0.32957,2015,7.273,1.3603999999999998,0.15399999999999991,1.7910981331791738
Finland,Western Europe,7.406,1.29025,1.31826,0.88911,0.64169,0.23351,0.41372,2015,6.689619047619048,1.2985957142857143,0.7163809523809519,1.772262486399408
Netherlands,Western Europe,7.378,1.32944,1.28017,0.89284,0.61576,0.4761,0.31814,2015,6.689619047619048,1.2985957142857143,0.6883809523809523,1.7471482906930542
Sweden,Western Europe,7.364,1.33171,1.28907,0.91087,0.6598,0.36262,0.43844,2015,6.689619047619048,1.2985957142857143,0.6743809523809521,1.734591192839877
New Zealand,Australia and New Zealand,7.286,1.25018,1.31967,0.90837,0.63938,0.47501,0.42922,2015,7.285,1.29188,0.0009999999999994458,1.6646302190864612
Australia,Australia and New Zealand,7.284,1.33358,1.30923,0.93156,0.65124,0.43562,0.35637,2015,7.285,1.29188,-0.001000000000000334,1.662836347964579
Israel,Middle East and Northern Africa,7.278,1.22857,1.22393,0.91387,0.41319,0.33172,0.07785,2015,5.406899999999999,1.0669735,1.8711000000000002,1.6574547345989314
Costa Rica,Latin America and Caribbean,7.226,0.95578,1.23788,0.86027,0.63376,0.25497,0.10583,2015,6.144681818181818,0.8768154545454546,1.0813181818181823,1.6108140854299882
Austria,Western Europe,7.2,1.33723,1.29704,0.89042,0.62433,0.33088,0.18676,2015,6.689619047619048,1.2985957142857143,0.5103809523809524,1.5874937608455166
Mexico,Latin America and Caribbean,7.187,1.02054,0.91451,0.81444,0.48181,0.14074,0.21312,2015,6.144681818181818,0.8768154545454546,1.0423181818181826,1.5758335985532808
United States,North America,7.119,1.39451,1.24711,0.86179,0.54604,0.40105,0.1589,2015,7.273,1.3603999999999998,-0.15399999999999991,1.5148419804092772
Brazil,Latin America and Caribbean,6.983,0.98124,1.23287,0.69702,0.49049,0.14574,0.17521,2015,6.144681818181818,0.8768154545454546,0.838318181818182,1.3928587441212708
Luxembourg,Western Europe,6.946,1.56391,1.21963,0.91894,0.61583,0.28034,0.37798,2015,6.689619047619048,1.2985957142857143,0.25638095238095193,1.3596721283664455
Ireland,Western Europe,6.94,1.33596,1.36948,0.89533,0.61777,0.45901,0.28703,2015,6.689619047619048,1.2985957142857143,0.2503809523809526,1.3542905150007987
Belgium,Western Europe,6.937,1.30782,1.28566,0.89667,0.5845,0.2225,0.2254,2015,6.689619047619048,1.2985957142857143,0.24738095238095248,1.351599708317975
United Arab Emirates,Middle East and Northern Africa,6.901,1.42727,1.12575,0.80925,0.64157,0.26428,0.38583,2015,5.406899999999999,1.0669735,1.4941000000000004,1.3193100281240906
United Kingdom,Western Europe,6.867,1.26637,1.28548,0.90943,0.59625,0.51912,0.32067,2015,6.689619047619048,1.2985957142857143,0.1773809523809522,1.288814219052089
Oman,Middle East and Northern Africa,6.853,1.36011,1.08182,0.76276,0.63274,0.21542,0.32524,2015,5.406899999999999,1.0669735,1.4461000000000004,1.2762571211989118
Venezuela,Latin America and Caribbean,6.81,1.04424,1.25596,0.72052,0.42908,0.05841,0.11069,2015,6.144681818181818,0.8768154545454546,0.6653181818181819,1.237688892078439
Singapore,Southeastern Asia,6.798,1.52186,1.02,1.02525,0.54252,0.31105,0.4921,2015,5.317444444444444,0.7890544444444445,1.480555555555556,1.2269256653471448
Panama,Latin America and Caribbean,6.786,1.06353,1.1985,0.79661,0.5421,0.24434,0.0927,2015,6.144681818181818,0.8768154545454546,0.6413181818181819,1.2161624386158496
Germany,Western Europe,6.75,1.32792,1.29937,0.89186,0.61477,0.28214,0.21843,2015,6.689619047619048,1.2985957142857143,0.0603809523809522,1.183872758421966
Chile,Latin America and Caribbean,6.67,1.10715,1.12447,0.85857,0.44132,0.33363,0.12869,2015,6.144681818181818,0.8768154545454546,0.5253181818181822,1.1121179135466681
Qatar,Middle East and Northern Africa,6.611,1.69042,1.0786,0.79733,0.6404,0.32573,0.52208,2015,5.406899999999999,1.0669735,1.2041000000000004,1.0591987154511358
France,Western Europe,6.575,1.27778,1.26038,0.94579,0.55011,0.12332,0.20646,2015,6.689619047619048,1.2985957142857143,-0.11461904761904762,1.026909035257252
Argentina,Latin America and Caribbean,6.574,1.05351,1.24823,0.78723,0.44974,0.11451,0.08484,2015,6.144681818181818,0.8768154545454546,0.42931818181818215,1.0260120996963105
Czech Republic,Central and Eastern Europe,6.505,1.17898,1.20643,0.84483,0.46364,0.10686,0.02652,2015,5.332931034482758,0.942438275862069,1.1720689655172416,0.9641235459913662
Uruguay,Latin America and Caribbean,6.485,1.06166,1.2089,0.8116,0.60362,0.2324,0.24558,2015,6.144681818181818,0.8768154545454546,0.34031818181818263,0.9461848347725421
Colombia,Latin America and Caribbean,6.477,0.91861,1.24018,0.69077,0.53466,0.18401,0.0512,2015,6.144681818181818,0.8768154545454546,0.3323181818181826,0.9390093502850123
Thailand,Southeastern Asia,6.455,0.9669,1.26504,0.7385,0.55664,0.5763,0.03187,2015,5.317444444444444,0.7890544444444445,1.137555555555556,0.9192767679443052
Saudi Arabia,Middle East and Northern Africa,6.411,1.39541,1.08393,0.72025,0.31048,0.13706,0.32524,2015,5.406899999999999,1.0669735,1.0041000000000002,0.879811603262891
Spain,Western Europe,6.329,1.23011,1.31379,0.95562,0.45951,0.18227,0.06398,2015,6.689619047619048,1.2985957142857143,-0.36061904761904806,0.8062628872657108
Malta,Western Europe,6.302,1.2074,1.30203,0.88721,0.60365,0.51752,0.13586,2015,6.689619047619048,1.2985957142857143,-0.3876190476190482,0.7820456271202977
Taiwan,Eastern Asia,6.298,1.29098,1.07617,0.8753,0.3974,0.25376,0.08129,2015,5.626166666666666,1.15178,0.6718333333333337,0.7784578848765331
Kuwait,Middle East and Northern Africa,6.295,1.55422,1.16594,0.72492,0.55499,0.16228,0.25609,2015,5.406899999999999,1.0669735,0.8881000000000006,0.7757670781937094
Suriname,Latin America and Caribbean,6.269,0.99534,0.972,0.6082,0.59657,0.16991,0.13633,2015,6.144681818181818,0.8768154545454546,0.12431818181818244,0.7524467536092377
Trinidad and Tobago,Latin America and Caribbean,6.168,1.21183,1.18354,0.61483,0.55884,0.31844,0.0114,2015,6.144681818181818,0.8768154545454546,0.02331818181818246,0.6618562619541742
El Salvador,Latin America and Caribbean,6.13,0.76454,1.02507,0.67737,0.4035,0.10692,0.11776,2015,6.144681818181818,0.8768154545454546,-0.014681818181817796,0.6277727106384076
Guatemala,Latin America and Caribbean,6.123,0.74553,1.04356,0.64425,0.57733,0.27489,0.09472,2015,6.144681818181818,0.8768154545454546,-0.02168181818181747,0.6214941617118193
Uzbekistan,Central and Eastern Europe,6.003,0.63244,1.34043,0.59772,0.65821,0.22837,0.30826,2015,5.332931034482758,0.942438275862069,0.6700689655172418,0.5138618943988724
Slovakia,Central and Eastern Europe,5.995,1.16891,1.26999,0.78902,0.31751,0.16893,0.03431,2015,5.332931034482758,0.942438275862069,0.6620689655172418,0.5066864099113426
Japan,Eastern Asia,5.987,1.27074,1.25712,0.99111,0.49615,0.10705,0.1806,2015,5.626166666666666,1.15178,0.3608333333333338,0.4995109254238128
South Korea,Eastern Asia,5.984,1.24461,0.95774,0.96538,0.33208,0.18557,0.07857,2015,5.626166666666666,1.15178,0.35783333333333367,0.496820118740989
Ecuador,Latin America and Caribbean,5.975,0.86402,0.99903,0.79075,0.48574,0.11541,0.1809,2015,6.144681818181818,0.8768154545454546,-0.16968181818181804,0.4887476986925177
Bahrain,Middle East and Northern Africa,5.96,1.32376,1.21624,0.74716,0.45492,0.17362,0.306,2015,5.406899999999999,1.0669735,0.5531000000000006,0.4752936652783996
Italy,Western Europe,5.948,1.25114,1.19777,0.95446,0.26236,0.22823,0.02901,2015,6.689619047619048,1.2985957142857143,-0.7416190476190474,0.46453043854710535
Bolivia,Latin America and Caribbean,5.89,0.68133,0.97841,0.5392,0.57414,0.20536,0.088,2015,6.144681818181818,0.8768154545454546,-0.254681818181818,0.41250817601251377
Moldova,Central and Eastern Europe,5.889,0.59448,1.01528,0.61826,0.32818,0.20951,0.01615,2015,5.332931034482758,0.942438275862069,0.5560689655172419,0.41161124045157305
Paraguay,Latin America and Caribbean,5.878,0.75985,1.30477,0.66098,0.53899,0.3424,0.08242,2015,6.144681818181818,0.8768154545454546,-0.2666818181818176,0.40174494928121945
Kazakhstan,Central and Eastern Europe,5.855,1.12254,1.12241,0.64368,0.51649,0.11827,0.08454,2015,5.332931034482758,0.942438275862069,0.5220689655172421,0.3811154313795716
Slovenia,Central and Eastern Europe,5.848,1.18498,1.27385,0.87337,0.60855,0.25328,0.03787,2015,5.332931034482758,0.942438275862069,0.5150689655172416,0.3748368824529826
Lithuania,Central and Eastern Europe,5.833,1.14723,1.25745,0.73128,0.21342,0.02641,0.01031,2015,5.332931034482758,0.942438275862069,0.5000689655172419,0.3613828490388645
Nicaragua,Latin America and Caribbean,5.828,0.59325,1.14184,0.74314,0.55475,0.27815,0.19317,2015,6.144681818181818,0.8768154545454546,-0.3166818181818174,0.35689817123415846
Peru,Latin America and Caribbean,5.824,0.90019,0.97459,0.73017,0.41496,0.14982,0.05989,2015,6.144681818181818,0.8768154545454546,-0.32068181818181785,0.35331042899039317
Belarus,Central and Eastern Europe,5.813,1.03192,1.23289,0.73608,0.37938,0.11046,0.1909,2015,5.332931034482758,0.942438275862069,0.48006896551724143,0.34344413782003963
Poland,Central and Eastern Europe,5.791,1.12555,1.27948,0.77903,0.53122,0.16759,0.04212,2015,5.332931034482758,0.942438275862069,0.4580689655172421,0.3237115554793333
Malaysia,Southeastern Asia,5.77,1.12486,1.07023,0.72394,0.53024,0.33075,0.10501,2015,5.317444444444444,0.7890544444444445,0.4525555555555556,0.3048759086995669
Croatia,Central and Eastern Europe,5.759,1.08254,0.79624,0.78805,0.25883,0.05444,0.0243,2015,5.332931034482758,0.942438275862069,0.42606896551724205,0.2950096175292141
Libya,Middle East and Northern Africa,5.754,1.13145,1.11862,0.7038,0.41668,0.18295,0.11023,2015,5.406899999999999,1.0669735,0.3471000000000002,0.2905249397245073
Russia,Central and Eastern Europe,5.716,1.13764,1.23617,0.66926,0.36679,0.00199,0.03005,2015,5.332931034482758,0.942438275862069,0.3830689655172419,0.25644138840874137
Jamaica,Latin America and Caribbean,5.709,0.81038,1.15102,0.68741,0.50442,0.2123,0.02299,2015,6.144681818181818,0.8768154545454546,-0.43568181818181806,0.25016283948215234
North Cyprus,Western Europe,5.695,1.20806,1.07008,0.92356,0.49027,0.26169,0.1428,2015,6.689619047619048,1.2985957142857143,-0.9946190476190475,0.23760574162897577
Cyprus,Western Europe,5.689,1.20813,0.89318,0.92356,0.40672,0.30638,0.06146,2015,6.689619047619048,1.2985957142857143,-1.0006190476190477,0.23222412826332825
Algeria,Middle East and Northern Africa,5.605,0.93929,1.07772,0.61766,0.28579,0.07822,0.17383,2015,5.406899999999999,1.0669735,0.19810000000000105,0.15688154114426583
Kosovo,Central and Eastern Europe,5.589,0.80148,0.81198,0.63132,0.24749,0.2831,0.04741,2015,5.332931034482758,0.942438275862069,0.2560689655172421,0.14253057216920623
Turkmenistan,Central and Eastern Europe,5.548,0.95847,1.22668,0.53886,0.4761,0.16979,0.30844,2015,5.332931034482758,0.942438275862069,0.21506896551724175,0.10575621417061576
Mauritius,Sub-Saharan Africa,5.477,1.00761,0.98521,0.7095,0.56066,0.37744,0.07521,2015,4.2028,0.380473,1.2742000000000004,0.04207378934378916
Hong Kong,Eastern Asia,5.474,1.38604,1.05818,1.01328,0.59608,0.39478,0.37124,2015,5.626166666666666,1.15178,-0.15216666666666612,0.039382982660965384
Estonia,Central and Eastern Europe,5.429,1.15174,1.22791,0.77361,0.44888,0.0868,0.15184,2015,5.332931034482758,0.942438275862069,0.09606896551724198,-0.0009791175813895967
Indonesia,Southeastern Asia,5.399,0.82827,1.08708,0.63793,0.46611,0.51535,0.0,2015,5.317444444444444,0.7890544444444445,0.08155555555555605,-0.027887184409626516
Vietnam,Southeastern Asia,5.36,0.63216,0.91226,0.74676,0.59444,0.1686,0.10441,2015,5.317444444444444,0.7890544444444445,0.042555555555556346,-0.06286767128633396
Turkey,Middle East and Northern Africa,5.332,1.06098,0.94632,0.73172,0.22815,0.12253,0.15746,2015,5.406899999999999,1.0669735,-0.07489999999999952,-0.08798186699268862
Kyrgyzstan,Central and Eastern Europe,5.286,0.47428,1.15115,0.65088,0.43477,0.3003,0.04232,2015,5.332931034482758,0.942438275862069,-0.046931034482758704,-0.12924090279598513
Nigeria,Sub-Saharan Africa,5.268,0.65435,0.90432,0.16007,0.34334,0.27233,0.0403,2015,4.2028,0.380473,1.0652,-0.14538574289292697
Bhutan,Southern Asia,5.253,0.77042,1.10395,0.57407,0.53206,0.47998,0.15445,2015,4.580857142857143,0.5604857142857143,0.6721428571428572,-0.15883977630704502
Azerbaijan,Central and Eastern Europe,5.212,1.02389,0.93793,0.64045,0.3703,0.07799,0.16065,2015,5.332931034482758,0.942438275862069,-0.12093103448275855,-0.1956141343056355
Pakistan,Southern Asia,5.194,0.59543,0.41411,0.51466,0.12102,0.33671,0.10464,2015,4.580857142857143,0.5604857142857143,0.613142857142857,-0.21175897440257732
Jordan,Middle East and Northern Africa,5.192,0.90198,1.05392,0.69639,0.40661,0.11053,0.14293,2015,5.406899999999999,1.0669735,-0.2148999999999992,-0.21355284552445958
Montenegro,Central and Eastern Europe,5.192,0.97438,0.90557,0.72521,0.1826,0.1614,0.14296,2015,5.332931034482758,0.942438275862069,-0.14093103448275812,-0.21355284552445958
China,Eastern Asia,5.14,0.89012,0.94675,0.81658,0.51697,0.08185,0.02781,2015,5.626166666666666,1.15178,-0.48616666666666664,-0.26019349469340364
Zambia,Sub-Saharan Africa,5.129,0.47038,0.91612,0.29924,0.48827,0.19591,0.12468,2015,4.2028,0.380473,0.9261999999999997,-0.2700597858637572
Romania,Central and Eastern Europe,5.124,1.04345,0.88588,0.7689,0.35068,0.13748,0.00649,2015,5.332931034482758,0.942438275862069,-0.20893103448275863,-0.2745444636684632
Serbia,Central and Eastern Europe,5.123,0.92053,1.00964,0.74836,0.20107,0.19231,0.02617,2015,5.332931034482758,0.942438275862069,-0.20993103448275807,-0.2754413992294039
Portugal,Western Europe,5.102,1.15991,1.13935,0.87519,0.51469,0.13719,0.01078,2015,6.689619047619048,1.2985957142857143,-1.5876190476190475,-0.29427704600916954
Latvia,Central and Eastern Europe,5.098,1.11312,1.09562,0.72437,0.29671,0.18226,0.06332,2015,5.332931034482758,0.942438275862069,-0.23493103448275843,-0.29786478825293483
Philippines,Southeastern Asia,5.073,0.70532,1.03516,0.58114,0.62545,0.24991,0.12279,2015,5.317444444444444,0.7890544444444445,-0.24444444444444358,-0.3202881772764649
Somaliland region,Sub-Saharan Africa,5.057,0.18847,0.95152,0.43873,0.46582,0.50318,0.39928,2015,4.2028,0.380473,0.8542000000000005,-0.3346391462515245
Morocco,Middle East and Northern Africa,5.013,0.73479,0.64095,0.60954,0.41691,0.07172,0.08546,2015,5.406899999999999,1.0669735,-0.3938999999999995,-0.3741043109329388
Macedonia,Central and Eastern Europe,5.007,0.91851,1.00232,0.73545,0.33457,0.22359,0.05327,2015,5.332931034482758,0.942438275862069,-0.3259310344827586,-0.3794859242985863
Mozambique,Sub-Saharan Africa,4.971,0.08308,1.02626,0.09131,0.34037,0.22269,0.15603,2015,4.2028,0.380473,0.7682000000000002,-0.41177560449246997
Albania,Central and Eastern Europe,4.959,0.87867,0.80434,0.81325,0.35733,0.14272,0.06413,2015,5.332931034482758,0.942438275862069,-0.37393103448275866,-0.42253883122376507
Bosnia and Herzegovina,Central and Eastern Europe,4.949,0.83223,0.91916,0.79081,0.09245,0.24808,0.00227,2015,5.332931034482758,0.942438275862069,-0.38393103448275845,-0.4315081868331771
Lesotho,Sub-Saharan Africa,4.898,0.37545,1.04103,0.07612,0.31767,0.16388,0.12504,2015,4.2028,0.380473,0.6951999999999998,-0.47725190044117966
Dominican Republic,Latin America and Caribbean,4.885,0.89537,1.17202,0.66825,0.57672,0.21684,0.14234,2015,6.144681818181818,0.8768154545454546,-1.259681818181818,-0.4889120627334154
Laos,Southeastern Asia,4.876,0.59066,0.73803,0.54909,0.59591,0.42192,0.24249,2015,5.317444444444444,0.7890544444444445,-0.44144444444444364,-0.49698448278188595
Mongolia,Eastern Asia,4.874,0.82819,1.3006,0.60268,0.43626,0.3323,0.02666,2015,5.626166666666666,1.15178,-0.7521666666666667,-0.498778353903769
Swaziland,Sub-Saharan Africa,4.867,0.71206,1.07284,0.07566,0.30658,0.18259,0.0306,2015,4.2028,0.380473,0.6642000000000001,-0.5050569028303573
Greece,Western Europe,4.857,1.15406,0.92933,0.88213,0.07699,0.0,0.01397,2015,6.689619047619048,1.2985957142857143,-1.8326190476190476,-0.5140262584397693
Lebanon,Middle East and Northern Africa,4.839,1.02564,0.80001,0.83947,0.33916,0.21854,0.04582,2015,5.406899999999999,1.0669735,-0.567899999999999,-0.5301710985367112
Hungary,Central and Eastern Europe,4.8,1.12094,1.20215,0.75905,0.32112,0.128,0.02758,2015,5.332931034482758,0.942438275862069,-0.5329310344827585,-0.5651515854134194
Honduras,Latin America and Caribbean,4.788,0.59532,0.95348,0.6951,0.40148,0.23027,0.06825,2015,6.144681818181818,0.8768154545454546,-1.3566818181818174,-0.5759148121447136
Tajikistan,Central and Eastern Europe,4.786,0.39047,0.85563,0.57379,0.47216,0.22974,0.15072,2015,5.332931034482758,0.942438275862069,-0.5469310344827587,-0.5777086832665967
Tunisia,Middle East and Northern Africa,4.739,0.88113,0.60429,0.73793,0.26268,0.06431,0.06358,2015,5.406899999999999,1.0669735,-0.6678999999999995,-0.619864654630834
Palestinian Territories,Middle East and Northern Africa,4.715,0.59867,0.92558,0.66015,0.24499,0.11251,0.12905,2015,5.406899999999999,1.0669735,-0.6918999999999995,-0.6413911080934234
Bangladesh,Southern Asia,4.694,0.39753,0.43106,0.60164,0.4082,0.21222,0.12569,2015,4.580857142857143,0.5604857142857143,0.11314285714285699,-0.6602267548731889
Iran,Middle East and Northern Africa,4.686,1.0088,0.54447,0.69805,0.30033,0.38086,0.05863,2015,5.406899999999999,1.0669735,-0.7208999999999994,-0.6674022393607187
Ukraine,Central and Eastern Europe,4.681,0.79907,1.20278,0.6739,0.25123,0.15275,0.02961,2015,5.332931034482758,0.942438275862069,-0.6519310344827582,-0.6718869171654247
Iraq,Middle East and Northern Africa,4.677,0.98549,0.81889,0.60237,0.0,0.17922,0.13788,2015,5.406899999999999,1.0669735,-0.7298999999999998,-0.67547465940919
South Africa,Sub-Saharan Africa,4.642,0.92049,1.18468,0.27688,0.33207,0.11973,0.08884,2015,4.2028,0.380473,0.4392000000000005,-0.7068674040421322
Ghana,Sub-Saharan Africa,4.633,0.54558,0.67954,0.40132,0.42342,0.23087,0.04355,2015,4.2028,0.380473,0.43020000000000014,-0.7149398240906035
Zimbabwe,Sub-Saharan Africa,4.61,0.271,1.03276,0.33475,0.25861,0.18987,0.08079,2015,4.2028,0.380473,0.40720000000000045,-0.7355693419922513
Liberia,Sub-Saharan Africa,4.571,0.0712,0.78968,0.34201,0.28531,0.24362,0.06232,2015,4.2028,0.380473,0.36819999999999986,-0.7705498288689596
India,Southern Asia,4.565,0.64499,0.38174,0.51529,0.39786,0.26475,0.08492,2015,4.580857142857143,0.5604857142857143,-0.01585714285714257,-0.7759314422346063
Sudan,Sub-Saharan Africa,4.55,0.52107,1.01404,0.36878,0.10081,0.19062,0.1466,2015,4.2028,0.380473,0.34719999999999995,-0.7893854756487252
Haiti,Latin America and Caribbean,4.518,0.26673,0.74302,0.38847,0.24425,0.46187,0.17175,2015,6.144681818181818,0.8768154545454546,-1.626681818181818,-0.8180874135988443
Congo (Kinshasa),Sub-Saharan Africa,4.517,0.0,1.0012,0.09806,0.22605,0.24834,0.07625,2015,4.2028,0.380473,0.3142000000000005,-0.818984349159785
Nepal,Southern Asia,4.514,0.35997,0.86449,0.56874,0.38282,0.32296,0.05907,2015,4.580857142857143,0.5604857142857143,-0.06685714285714273,-0.8216751558426089
Ethiopia,Sub-Saharan Africa,4.512,0.19073,0.60406,0.44055,0.4345,0.24325,0.15048,2015,4.2028,0.380473,0.3091999999999997,-0.8234690269644919
Sierra Leone,Sub-Saharan Africa,4.507,0.33024,0.95571,0.0,0.4084,0.21488,0.08786,2015,4.2028,0.380473,0.3041999999999998,-0.8279537047691979
Mauritania,Sub-Saharan Africa,4.436,0.45407,0.86908,0.35874,0.24232,0.219,0.17461,2015,4.2028,0.380473,0.23320000000000007,-0.8916361295960246
Kenya,Sub-Saharan Africa,4.419,0.36471,0.99876,0.41435,0.42215,0.37542,0.05839,2015,4.2028,0.380473,0.21619999999999973,-0.9068840341320256
Djibouti,Sub-Saharan Africa,4.369,0.44025,0.59207,0.36291,0.46074,0.18093,0.28105,2015,4.2028,0.380473,0.1661999999999999,-0.9517308121790866
Armenia,Central and Eastern Europe,4.35,0.76821,0.77711,0.7299,0.19847,0.07855,0.039,2015,5.332931034482758,0.942438275862069,-0.9829310344827586,-0.96877258783697
Botswana,Sub-Saharan Africa,4.332,0.99355,1.10464,0.04776,0.49495,0.10461,0.12474,2015,4.2028,0.380473,0.12919999999999998,-0.9849174279339118
Myanmar,Southeastern Asia,4.307,0.27108,0.70905,0.48246,0.44017,0.79588,0.19034,2015,5.317444444444444,0.7890544444444445,-1.0104444444444436,-1.0073408169574418
Georgia,Central and Eastern Europe,4.297,0.7419,0.38562,0.72926,0.40577,0.05547,0.38331,2015,5.332931034482758,0.942438275862069,-1.0359310344827586,-1.0163101725668549
Malawi,Sub-Saharan Africa,4.292,0.01604,0.41134,0.22562,0.43054,0.33128,0.06977,2015,4.2028,0.380473,0.08919999999999995,-1.0207948503715607
Sri Lanka,Southern Asia,4.271,0.83524,1.01905,0.70806,0.53726,0.40828,0.09179,2015,4.580857142857143,0.5604857142857143,-0.30985714285714305,-1.0396304971513264
Cameroon,Sub-Saharan Africa,4.252,0.4225,0.88767,0.23402,0.49309,0.20618,0.05786,2015,4.2028,0.380473,0.04919999999999991,-1.0566722728092097
Bulgaria,Central and Eastern Europe,4.218,1.01216,1.10614,0.76649,0.30587,0.11921,0.00872,2015,5.332931034482758,0.942438275862069,-1.1149310344827583,-1.087168081881211
Egypt,Middle East and Northern Africa,4.194,0.8818,0.747,0.61712,0.17288,0.11291,0.06324,2015,5.406899999999999,1.0669735,-1.2128999999999994,-1.1086945353438005
Yemen,Middle East and Northern Africa,4.077,0.54649,0.68093,0.40064,0.35571,0.09131,0.07854,2015,5.406899999999999,1.0669735,-1.3298999999999994,-1.2136359959739236
Angola,Sub-Saharan Africa,4.033,0.75778,0.8604,0.16683,0.10384,0.12344,0.07122,2015,4.2028,0.380473,-0.1697999999999995,-1.253101160655337
Mali,Sub-Saharan Africa,3.995,0.26074,1.03526,0.20583,0.38857,0.18798,0.12352,2015,4.2028,0.380473,-0.20779999999999976,-1.2871847119711037
Congo (Brazzaville),Sub-Saharan Africa,3.989,0.67866,0.6629,0.31051,0.41466,0.12388,0.11686,2015,4.2028,0.380473,-0.2138,-1.2925663253367514
Comoros,Sub-Saharan Africa,3.956,0.23906,0.79273,0.36315,0.22917,0.17441,0.199,2015,4.2028,0.380473,-0.2467999999999999,-1.3221651988478116
Uganda,Sub-Saharan Africa,3.931,0.21102,1.13299,0.33861,0.45727,0.29066,0.07267,2015,4.2028,0.380473,-0.2717999999999998,-1.3445885878713422
Senegal,Sub-Saharan Africa,3.904,0.36498,0.97619,0.4354,0.36772,0.20843,0.10713,2015,4.2028,0.380473,-0.29879999999999995,-1.3688058480167553
Gabon,Sub-Saharan Africa,3.896,1.06024,0.90528,0.43372,0.31914,0.06822,0.11091,2015,4.2028,0.380473,-0.30679999999999996,-1.3759813325042851
Niger,Sub-Saharan Africa,3.845,0.0694,0.77265,0.29707,0.47692,0.19387,0.15639,2015,4.2028,0.380473,-0.3577999999999997,-1.4217250461122872
Cambodia,Southeastern Asia,3.819,0.46038,0.62736,0.61114,0.66246,0.40359,0.07247,2015,5.317444444444444,0.7890544444444445,-1.498444444444444,-1.4450453706967592
Tanzania,Sub-Saharan Africa,3.781,0.2852,1.00268,0.38215,0.32878,0.34377,0.05747,2015,4.2028,0.380473,-0.42179999999999973,-1.4791289220125254
Madagascar,Sub-Saharan Africa,3.681,0.20824,0.66801,0.46721,0.19184,0.21333,0.08124,2015,4.2028,0.380473,-0.5217999999999998,-1.568822478106648
Central African Republic,Sub-Saharan Africa,3.678,0.0785,0.0,0.06699,0.48879,0.23835,0.08289,2015,4.2028,0.380473,-0.5247999999999999,-1.5715132847894717
Chad,Sub-Saharan Africa,3.667,0.34193,0.76062,0.1501,0.23501,0.18386,0.05269,2015,4.2028,0.380473,-0.5358,-1.5813795759598253
Guinea,Sub-Saharan Africa,3.656,0.17417,0.46475,0.24009,0.37725,0.28657,0.12139,2015,4.2028,0.380473,-0.5467999999999997,-1.5912458671301783
Ivory Coast,Sub-Saharan Africa,3.655,0.46534,0.77115,0.15185,0.46866,0.20165,0.17922,2015,4.2028,0.380473,-0.5478000000000001,-1.59214280269112
Burkina Faso,Sub-Saharan Africa,3.587,0.25812,0.85188,0.27125,0.39493,0.21747,0.12832,2015,4.2028,0.380473,-0.6157999999999997,-1.6531344208351229
Afghanistan,Southern Asia,3.575,0.31982,0.30285,0.30335,0.23414,0.3651,0.09719,2015,4.580857142857143,0.5604857142857143,-1.0058571428571428,-1.6638976475664176
Rwanda,Sub-Saharan Africa,3.465,0.22208,0.7737,0.42864,0.59201,0.22628,0.55191,2015,4.2028,0.380473,-0.7378,-1.7625605592699523
Benin,Sub-Saharan Africa,3.34,0.28665,0.35386,0.3191,0.4845,0.1826,0.0801,2015,4.2028,0.380473,-0.8628,-1.8746775043876052
Syria,Middle East and Northern Africa,3.006,0.6632,0.47489,0.72193,0.15684,0.47179,0.18906,2015,5.406899999999999,1.0669735,-2.4008999999999996,-2.1742539817419737
Burundi,Sub-Saharan Africa,2.905,0.0153,0.41587,0.22396,0.1185,0.19727,0.10062,2015,4.2028,0.380473,-1.2978,-2.264844473397037
Togo,Sub-Saharan Africa,2.839,0.20868,0.13995,0.28443,0.36453,0.16681,0.10731,2015,4.2028,0.380473,-1.3638,-2.324042220419158
Denmark,Western Europe,7.526,1.44178,1.16374,0.79504,0.57941,0.36171,0.44453,2016,6.685666666666667,1.4170557142857143,0.8403333333333327,1.879894753712355
Switzerland,Western Europe,7.509,1.52733,1.14524,0.86303,0.58557,0.28083,0.41203,2016,6.685666666666667,1.4170557142857143,0.8233333333333333,1.8646468491763546
Iceland,Western Europe,7.501,1.42666,1.18326,0.86733,0.56624,0.47678,0.14975,2016,6.685666666666667,1.4170557142857143,0.8153333333333332,1.8574713646888248
Norway,Western Europe,7.498,1.57744,1.1269,0.79579,0.59609,0.37895,0.35776,2016,6.685666666666667,1.4170557142857143,0.8123333333333331,1.854780558006001
Finland,Western Europe,7.413,1.40598,1.13464,0.81091,0.57104,0.25492,0.41004,2016,6.685666666666667,1.4170557142857143,0.7273333333333332,1.7785410353259972
Canada,North America,7.404,1.44015,1.0961,0.8276,0.5737,0.44834,0.31329,2016,7.254,1.474055,0.15000000000000036,1.770468615277526
Netherlands,Western Europe,7.339,1.46468,1.02912,0.81231,0.55211,0.47416,0.29927,2016,6.685666666666667,1.4170557142857143,0.6533333333333333,1.7121678038163468
New Zealand,Australia and New Zealand,7.334,1.36066,1.17278,0.83096,0.58147,0.49401,0.41904,2016,7.323499999999999,1.402545,0.010500000000000398,1.70768312601164
Australia,Australia and New Zealand,7.313,1.44443,1.10476,0.8512,0.56837,0.47407,0.32331,2016,7.323499999999999,1.402545,-0.01049999999999951,1.6888474792318744
Sweden,Western Europe,7.291,1.45181,1.08764,0.83121,0.58218,0.38254,0.40867,2016,6.685666666666667,1.4170557142857143,0.6053333333333333,1.669114896891168
Israel,Middle East and Northern Africa,7.267,1.33766,0.99537,0.84917,0.36432,0.32288,0.08728,2016,5.386052631578947,1.139323157894737,1.8809473684210536,1.6475884434285786
Austria,Western Europe,7.119,1.45038,1.08383,0.80565,0.54355,0.32865,0.21348,2016,6.685666666666667,1.4170557142857143,0.4333333333333327,1.5148419804092772
United States,North America,7.104,1.50796,1.04782,0.779,0.48163,0.41077,0.14868,2016,7.254,1.474055,-0.14999999999999947,1.501387946995159
Costa Rica,Latin America and Caribbean,7.087,1.06879,1.02152,0.76146,0.55225,0.22553,0.10547,2016,6.10175,0.99341,0.9852499999999997,1.486140042459158
Puerto Rico,Latin America and Caribbean,7.039,1.35943,1.08113,0.77758,0.46823,0.22202,0.12275,2016,6.10175,0.99341,0.9372499999999997,1.4430871355339792
Germany,Western Europe,6.994,1.44787,1.09774,0.81487,0.53466,0.30452,0.28551,2016,6.685666666666667,1.4170557142857143,0.3083333333333327,1.4027250352916243
Brazil,Latin America and Caribbean,6.952,1.08754,1.03938,0.61415,0.40425,0.15776,0.14166,2016,6.10175,0.99341,0.85025,1.365053741732093
Belgium,Western Europe,6.929,1.42539,1.05249,0.81959,0.51354,0.2424,0.26248,2016,6.685666666666667,1.4170557142857143,0.24333333333333318,1.3444242238304451
Ireland,Western Europe,6.907,1.48341,1.16157,0.81455,0.54008,0.44963,0.29754,2016,6.685666666666667,1.4170557142857143,0.22133333333333294,1.324691641489738
Luxembourg,Western Europe,6.871,1.69752,1.03999,0.84542,0.5487,0.27571,0.35329,2016,6.685666666666667,1.4170557142857143,0.18533333333333335,1.2924019612958544
Mexico,Latin America and Caribbean,6.778,1.11508,0.7146,0.71143,0.37709,0.11735,0.18355,2016,6.10175,0.99341,0.6762499999999996,1.2089869541283198
Singapore,Southeastern Asia,6.739,1.64555,0.86758,0.94719,0.4877,0.32706,0.46987,2016,5.338888888888889,0.8963811111111111,1.4001111111111113,1.1740064672516124
United Kingdom,Western Europe,6.725,1.40283,1.08672,0.80991,0.50036,0.50156,0.27399,2016,6.685666666666667,1.4170557142857143,0.039333333333332554,1.1614493693984351
Chile,Latin America and Caribbean,6.705,1.2167,0.90587,0.81883,0.37789,0.31595,0.11451,2016,6.10175,0.99341,0.6032500000000001,1.143510658179611
Panama,Latin America and Caribbean,6.701,1.18306,0.98912,0.70835,0.48927,0.2418,0.08423,2016,6.10175,0.99341,0.5992499999999996,1.1399229159358457
Argentina,Latin America and Caribbean,6.65,1.15137,1.06612,0.69711,0.42284,0.10989,0.07296,2016,6.10175,0.99341,0.5482500000000003,1.094179202327844
Czech Republic,Central and Eastern Europe,6.596,1.30915,1.00793,0.76376,0.41418,0.09929,0.03986,2016,5.370689655172414,1.0475368965517242,1.2253103448275864,1.0457446820370178
United Arab Emirates,Middle East and Northern Africa,6.573,1.57352,0.87114,0.72993,0.56215,0.26591,0.35561,2016,5.386052631578947,1.139323157894737,1.1869473684210536,1.0251151641353697
Uruguay,Latin America and Caribbean,6.545,1.18157,1.03143,0.72183,0.54388,0.18056,0.21394,2016,6.10175,0.99341,0.4432499999999999,1.0000009684290152
Malta,Western Europe,6.488,1.30782,1.09879,0.80315,0.54994,0.56237,0.17554,2016,6.685666666666667,1.4170557142857143,-0.19766666666666666,0.9488756414553658
Colombia,Latin America and Caribbean,6.481,1.03032,1.02169,0.59659,0.44735,0.15626,0.05399,2016,6.10175,0.99341,0.37924999999999986,0.9425970925287769
France,Western Europe,6.478,1.39488,1.00508,0.83795,0.46562,0.1216,0.17808,2016,6.685666666666667,1.4170557142857143,-0.20766666666666733,0.939906285845953
Thailand,Southeastern Asia,6.474,1.0893,1.04477,0.64915,0.49553,0.58696,0.02833,2016,5.338888888888889,0.8963811111111111,1.1351111111111116,0.9363185436021886
Saudi Arabia,Middle East and Northern Africa,6.379,1.48953,0.84829,0.59267,0.37904,0.15457,0.30008,2016,5.386052631578947,1.139323157894737,0.9929473684210528,0.8511096653127718
Taiwan,Eastern Asia,6.379,1.39729,0.92624,0.79565,0.32377,0.25495,0.0663,2016,5.6241666666666665,1.2773116666666666,0.754833333333333,0.8511096653127718
Qatar,Middle East and Northern Africa,6.375,1.82427,0.87964,0.71723,0.56679,0.32388,0.48049,2016,5.386052631578947,1.139323157894737,0.9889473684210532,0.8475219230690073
Spain,Western Europe,6.361,1.34253,1.12945,0.87896,0.37545,0.17665,0.06137,2016,6.685666666666667,1.4170557142857143,-0.3246666666666673,0.8349648252158299
Algeria,Middle East and Northern Africa,6.355,1.05266,0.83309,0.61804,0.21006,0.07044,0.16157,2016,5.386052631578947,1.139323157894737,0.9689473684210537,0.8295832118501832
Guatemala,Latin America and Caribbean,6.324,0.83454,0.87119,0.54039,0.50379,0.28808,0.08701,2016,6.10175,0.99341,0.22224999999999984,0.8017782094610048
Suriname,Latin America and Caribbean,6.269,1.09686,0.77866,0.50933,0.52234,0.16665,0.12692,2016,6.10175,0.99341,0.16725000000000012,0.7524467536092377
Kuwait,Middle East and Northern Africa,6.239,1.61714,0.87758,0.63569,0.43166,0.15965,0.23669,2016,5.386052631578947,1.139323157894737,0.8529473684210531,0.7255386867810009
Bahrain,Middle East and Northern Africa,6.218,1.44024,0.94397,0.65696,0.47375,0.17147,0.25772,2016,5.386052631578947,1.139323157894737,0.8319473684210532,0.7067030400012352
Trinidad and Tobago,Latin America and Caribbean,6.168,1.32572,0.98569,0.52608,0.48453,0.31935,0.01241,2016,6.10175,0.99341,0.06625000000000014,0.6618562619541742
Venezuela,Latin America and Caribbean,6.084,1.13367,1.03302,0.61904,0.19847,0.0425,0.08304,2016,6.10175,0.99341,-0.017750000000000377,0.586513674835111
Slovakia,Central and Eastern Europe,6.078,1.27973,1.08268,0.70367,0.23391,0.13837,0.02947,2016,5.370689655172414,1.0475368965517242,0.7073103448275866,0.5811320614694643
El Salvador,Latin America and Caribbean,6.068,0.8737,0.80975,0.596,0.37269,0.08877,0.10613,2016,6.10175,0.99341,-0.03375000000000039,0.5721627058600515
Malaysia,Southeastern Asia,6.005,1.25142,0.88025,0.62366,0.39031,0.41474,0.09081,2016,5.338888888888889,0.8963811111111111,0.6661111111111113,0.5156557655207546
Nicaragua,Latin America and Caribbean,5.992,0.69384,0.89521,0.65213,0.46582,0.29773,0.16292,2016,6.10175,0.99341,-0.10975000000000001,0.5039956032285188
Uzbekistan,Central and Eastern Europe,5.987,0.73591,1.1681,0.50163,0.60848,0.34326,0.28333,2016,5.370689655172414,1.0475368965517242,0.6163103448275864,0.4995109254238128
Italy,Western Europe,5.977,1.35495,1.04167,0.85102,0.18827,0.16684,0.02556,2016,6.685666666666667,1.4170557142857143,-0.7086666666666668,0.4905415698144007
Ecuador,Latin America and Caribbean,5.976,0.97306,0.85974,0.68613,0.4027,0.10074,0.18037,2016,6.10175,0.99341,-0.12575000000000003,0.4896446342534592
Belize,Latin America and Caribbean,5.956,0.87616,0.68655,0.45569,0.51231,0.23684,0.10771,2016,6.10175,0.99341,-0.1457499999999996,0.47170592303463516
Japan,Eastern Asia,5.921,1.38007,1.06054,0.91491,0.46761,0.10224,0.18985,2016,5.6241666666666665,1.2773116666666666,0.2968333333333337,0.4403131784016922
Kazakhstan,Central and Eastern Europe,5.919,1.22943,0.95544,0.57386,0.4052,0.15011,0.11132,2016,5.370689655172414,1.0475368965517242,0.5483103448275859,0.43851930727980915
Moldova,Central and Eastern Europe,5.897,0.69177,0.83132,0.52309,0.25202,0.19997,0.01903,2016,5.370689655172414,1.0475368965517242,0.5263103448275865,0.41878672493910285
Russia,Central and Eastern Europe,5.856,1.23228,1.05261,0.58991,0.32682,0.02736,0.03586,2016,5.370689655172414,1.0475368965517242,0.48531034482758617,0.3820123669405123
Poland,Central and Eastern Europe,5.835,1.24585,1.04685,0.69058,0.4519,0.14443,0.055,2016,5.370689655172414,1.0475368965517242,0.46431034482758626,0.36317672016074676
South Korea,Eastern Asia,5.835,1.35948,0.72194,0.88645,0.25168,0.18824,0.07716,2016,5.6241666666666665,1.2773116666666666,0.21083333333333343,0.36317672016074676
Bolivia,Latin America and Caribbean,5.822,0.79422,0.83779,0.4697,0.50961,0.21698,0.07746,2016,6.10175,0.99341,-0.27974999999999994,0.35151655786851094
Lithuania,Central and Eastern Europe,5.813,1.2692,1.06411,0.64674,0.18929,0.02025,0.0182,2016,5.370689655172414,1.0475368965517242,0.442310344827586,0.34344413782003963
Belarus,Central and Eastern Europe,5.802,1.13062,1.04993,0.63104,0.29091,0.13942,0.17457,2016,5.370689655172414,1.0475368965517242,0.4313103448275859,0.33357784664968604
North Cyprus,Western Europe,5.771,1.31141,0.81826,0.84142,0.43596,0.26322,0.16578,2016,6.685666666666667,1.4170557142857143,-0.9146666666666672,0.3057728442605084
Slovenia,Central and Eastern Europe,5.768,1.29947,1.05613,0.79151,0.53164,0.25738,0.03635,2016,5.370689655172414,1.0475368965517242,0.3973103448275861,0.30308203757768465
Peru,Latin America and Caribbean,5.743,0.99602,0.81255,0.62994,0.37502,0.14527,0.05292,2016,6.10175,0.99341,-0.3587499999999997,0.2806586485541545
Turkmenistan,Central and Eastern Europe,5.658,1.08017,1.03817,0.44006,0.37408,0.22567,0.28467,2016,5.370689655172414,1.0475368965517242,0.28731034482758666,0.2044191258741506
Mauritius,Sub-Saharan Africa,5.648,1.14372,0.75695,0.66189,0.46145,0.36951,0.05203,2016,4.1364210526315786,0.4743213157894737,1.5115789473684211,0.19544977026473775
Libya,Middle East and Northern Africa,5.615,1.06688,0.95076,0.52304,0.40672,0.17087,0.10339,2016,5.386052631578947,1.139323157894737,0.22894736842105345,0.16585089675367787
Latvia,Central and Eastern Europe,5.56,1.21788,0.95025,0.63952,0.27996,0.17445,0.0889,2016,5.370689655172414,1.0475368965517242,0.1893103448275859,0.11651944090191005
Cyprus,Western Europe,5.546,1.31857,0.70697,0.8488,0.29507,0.27906,0.05228,2016,6.685666666666667,1.4170557142857143,-1.1396666666666668,0.10396234304873352
Paraguay,Latin America and Caribbean,5.538,0.89373,1.11111,0.58295,0.46235,0.25296,0.07396,2016,6.10175,0.99341,-0.5637499999999998,0.09678685856120371
Romania,Central and Eastern Europe,5.528,1.1697,0.72803,0.67602,0.36712,0.12889,0.00679,2016,5.370689655172414,1.0475368965517242,0.15731034482758588,0.08781750295179087
Estonia,Central and Eastern Europe,5.517,1.27964,1.05163,0.68098,0.41511,0.08423,0.18519,2016,5.370689655172414,1.0475368965517242,0.14631034482758665,0.07795121178143812
Jamaica,Latin America and Caribbean,5.51,0.89333,0.96372,0.59469,0.43597,0.22245,0.04294,2016,6.10175,0.99341,-0.5917500000000002,0.07167266285484905
Croatia,Central and Eastern Europe,5.488,1.18649,0.60809,0.70524,0.23907,0.18434,0.04002,2016,5.370689655172414,1.0475368965517242,0.11731034482758673,0.051940080514142714
Hong Kong,Eastern Asia,5.458,1.5107,0.87021,0.95277,0.48079,0.40097,0.31647,2016,5.6241666666666665,1.2773116666666666,-0.16616666666666635,0.0250320136859058
Somalia,Sub-Saharan Africa,5.44,0.0,0.33613,0.11466,0.56778,0.27225,0.3118,2016,4.1364210526315786,0.4743213157894737,1.3035789473684218,0.008887173588963966
Kosovo,Central and Eastern Europe,5.401,0.90145,0.66062,0.54,0.14396,0.27992,0.06547,2016,5.370689655172414,1.0475368965517242,0.0303103448275861,-0.026093313287744266
Turkey,Middle East and Northern Africa,5.389,1.16492,0.87717,0.64718,0.23889,0.04707,0.12348,2016,5.386052631578947,1.139323157894737,0.0029473684210534756,-0.036856540019038556
Indonesia,Southeastern Asia,5.314,0.95104,0.87625,0.49374,0.39237,0.56521,0.00322,2016,5.338888888888889,0.8963811111111111,-0.024888888888888516,-0.10412670708963045
Jordan,Middle East and Northern Africa,5.303,0.99673,0.86216,0.60712,0.36023,0.14262,0.13297,2016,5.386052631578947,1.139323157894737,-0.08305263157894682,-0.11399299825998402
Azerbaijan,Central and Eastern Europe,5.291,1.12373,0.76042,0.54504,0.35327,0.0564,0.17914,2016,5.370689655172414,1.0475368965517242,-0.07968965517241333,-0.12475622499127831
Philippines,Southeastern Asia,5.279,0.81217,0.87877,0.47036,0.54854,0.21674,0.11757,2016,5.338888888888889,0.8963811111111111,-0.05988888888888866,-0.1355194517225734
China,Eastern Asia,5.245,1.0278,0.79381,0.73561,0.44012,0.04959,0.02745,2016,5.6241666666666665,1.2773116666666666,-0.37916666666666643,-0.16601526079457482
Bhutan,Southern Asia,5.196,0.8527,0.90836,0.49759,0.46074,0.48546,0.1616,2016,4.563285714285714,0.6606714285714286,0.632714285714286,-0.2099651032806951
Kyrgyzstan,Central and Eastern Europe,5.185,0.56044,0.95434,0.55449,0.40212,0.38432,0.04762,2016,5.370689655172414,1.0475368965517242,-0.1856896551724141,-0.21983139445104866
Serbia,Central and Eastern Europe,5.177,1.03437,0.81329,0.6458,0.15718,0.20737,0.04339,2016,5.370689655172414,1.0475368965517242,-0.1936896551724141,-0.22700687893857843
Bosnia and Herzegovina,Central and Eastern Europe,5.163,0.93383,0.64367,0.70766,0.09511,0.29889,0.0,2016,5.370689655172414,1.0475368965517242,-0.20768965517241345,-0.23956397679175498
Montenegro,Central and Eastern Europe,5.161,1.07838,0.74173,0.63533,0.15111,0.17191,0.12721,2016,5.370689655172414,1.0475368965517242,-0.2096896551724141,-0.241357847913638
Dominican Republic,Latin America and Caribbean,5.155,1.02787,0.99496,0.57669,0.52259,0.21286,0.12372,2016,6.10175,0.99341,-0.9467499999999998,-0.24673946127928476
Morocco,Middle East and Northern Africa,5.151,0.84058,0.38595,0.59471,0.25646,0.04053,0.08404,2016,5.386052631578947,1.139323157894737,-0.23505263157894696,-0.25032720352305005
Hungary,Central and Eastern Europe,5.145,1.24142,0.93164,0.67608,0.1977,0.099,0.04472,2016,5.370689655172414,1.0475368965517242,-0.22568965517241413,-0.2557088168886976
Pakistan,Southern Asia,5.132,0.68816,0.26135,0.40306,0.14622,0.31185,0.1388,2016,4.563285714285714,0.6606714285714286,0.568714285714286,-0.26736897918093344
Lebanon,Middle East and Northern Africa,5.129,1.12268,0.64184,0.76171,0.26228,0.23693,0.03061,2016,5.386052631578947,1.139323157894737,-0.2570526315789472,-0.2700597858637572
Portugal,Western Europe,5.123,1.27607,0.94367,0.79363,0.44727,0.11691,0.01521,2016,6.685666666666667,1.4170557142857143,-1.5626666666666669,-0.2754413992294039
Macedonia,Central and Eastern Europe,5.121,1.0193,0.78236,0.64738,0.27668,0.23507,0.07047,2016,5.370689655172414,1.0475368965517242,-0.24968965517241326,-0.2772352703512862
Vietnam,Southeastern Asia,5.061,0.74037,0.79117,0.66157,0.55954,0.25075,0.11556,2016,5.338888888888889,0.8963811111111111,-0.27788888888888863,-0.33105140400776
Somaliland Region,Sub-Saharan Africa,5.057,0.25558,0.75862,0.33108,0.3913,0.51479,0.36794,2016,4.1364210526315786,0.4743213157894737,0.9205789473684218,-0.3346391462515245
Tunisia,Middle East and Northern Africa,5.045,0.97724,0.43165,0.59577,0.23553,0.03936,0.0817,2016,5.386052631578947,1.139323157894737,-0.34105263157894683,-0.3454023729828196
Greece,Western Europe,5.033,1.24886,0.75473,0.80029,0.05822,0.0,0.04127,2016,6.685666666666667,1.4170557142857143,-1.6526666666666667,-0.3561655997141139
Tajikistan,Central and Eastern Europe,4.996,0.48835,0.75602,0.53119,0.43408,0.25998,0.13509,2016,5.370689655172414,1.0475368965517242,-0.37468965517241326,-0.38935221546893906
Mongolia,Eastern Asia,4.907,0.98853,1.08983,0.55469,0.35972,0.34539,0.03285,2016,5.6241666666666665,1.2773116666666666,-0.7171666666666665,-0.4691794803927083
Laos,Southeastern Asia,4.876,0.68042,0.5497,0.38291,0.52168,0.43079,0.22423,2016,5.338888888888889,0.8963811111111111,-0.46288888888888824,-0.49698448278188595
Nigeria,Sub-Saharan Africa,4.875,0.75216,0.64498,0.05108,0.27854,0.23219,0.0305,2016,4.1364210526315786,0.4743213157894737,0.7385789473684214,-0.4978814183428275
Honduras,Latin America and Caribbean,4.871,0.69429,0.75596,0.58383,0.26755,0.2044,0.06906,2016,6.10175,0.99341,-1.2307499999999996,-0.501469160586592
Iran,Middle East and Northern Africa,4.813,1.11758,0.38857,0.64232,0.22544,0.38538,0.0557,2016,5.386052631578947,1.139323157894737,-0.573052631578947,-0.5534914231211836
Zambia,Sub-Saharan Africa,4.795,0.61202,0.6376,0.23573,0.42662,0.17866,0.11479,2016,4.1364210526315786,0.4743213157894737,0.6585789473684214,-0.5696362632181254
Nepal,Southern Asia,4.793,0.44626,0.69699,0.50073,0.37012,0.3816,0.07008,2016,4.563285714285714,0.6606714285714286,0.22971428571428643,-0.5714301343400077
Palestinian Territories,Middle East and Northern Africa,4.754,0.67024,0.71629,0.56844,0.17744,0.11154,0.10613,2016,5.386052631578947,1.139323157894737,-0.6320526315789472,-0.6064106212167159
Albania,Central and Eastern Europe,4.655,0.9553,0.50163,0.73007,0.31866,0.1684,0.05301,2016,5.370689655172414,1.0475368965517242,-0.7156896551724135,-0.6952072417498963
Bangladesh,Southern Asia,4.643,0.54177,0.24749,0.52989,0.39778,0.19132,0.12583,2016,4.563285714285714,0.6606714285714286,0.07971428571428607,-0.7059704684811915
Sierra Leone,Sub-Saharan Africa,4.635,0.36485,0.628,0.0,0.30685,0.23897,0.08196,2016,4.1364210526315786,0.4743213157894737,0.49857894736842123,-0.7131459529687212
Iraq,Middle East and Northern Africa,4.575,1.07474,0.59205,0.51076,0.24856,0.19589,0.13636,2016,5.386052631578947,1.139323157894737,-0.8110526315789466,-0.7669620866251943
Namibia,Sub-Saharan Africa,4.574,0.93287,0.70362,0.34745,0.48614,0.07795,0.10398,2016,4.1364210526315786,0.4743213157894737,0.4375789473684213,-0.7678590221861358
Cameroon,Sub-Saharan Africa,4.513,0.52497,0.62542,0.12698,0.42736,0.2268,0.06126,2016,4.1364210526315786,0.4743213157894737,0.37657894736842135,-0.8225720914035504
Ethiopia,Sub-Saharan Africa,4.508,0.29283,0.37932,0.34578,0.36703,0.29522,0.1717,2016,4.1364210526315786,0.4743213157894737,0.37157894736842145,-0.8270567692082564
South Africa,Sub-Saharan Africa,4.459,1.02416,0.96053,0.18611,0.42483,0.13656,0.08415,2016,4.1364210526315786,0.4743213157894737,0.3225789473684211,-0.8710066116943767
Sri Lanka,Southern Asia,4.415,0.97318,0.84783,0.62007,0.50817,0.46978,0.07964,2016,4.563285714285714,0.6606714285714286,-0.1482857142857137,-0.9104717763757901
India,Southern Asia,4.404,0.74036,0.29247,0.45091,0.40285,0.25028,0.08722,2016,4.563285714285714,0.6606714285714286,-0.1592857142857138,-0.9203380675461437
Myanmar,Southeastern Asia,4.395,0.34112,0.69981,0.3988,0.42692,0.81971,0.20243,2016,5.338888888888889,0.8963811111111111,-0.943888888888889,-0.928410487594615
Egypt,Middle East and Northern Africa,4.362,0.95395,0.49813,0.52116,0.18847,0.12706,0.10393,2016,5.386052631578947,1.139323157894737,-1.0240526315789467,-0.9580093611056749
Armenia,Central and Eastern Europe,4.36,0.86086,0.62477,0.64083,0.14037,0.07793,0.03616,2016,5.370689655172414,1.0475368965517242,-1.0106896551724134,-0.9598032322275571
Kenya,Sub-Saharan Africa,4.356,0.52267,0.7624,0.30147,0.40576,0.41328,0.06686,2016,4.1364210526315786,0.4743213157894737,0.21957894736842132,-0.9633909744713224
Ukraine,Central and Eastern Europe,4.324,0.87287,1.01413,0.58628,0.12859,0.20363,0.01829,2016,5.370689655172414,1.0475368965517242,-1.0466896551724139,-0.9920929124214416
Ghana,Sub-Saharan Africa,4.276,0.63107,0.49353,0.29681,0.40973,0.21203,0.0326,2016,4.1364210526315786,0.4743213157894737,0.13957894736842125,-1.0351458193466203
Congo (Kinshasa),Sub-Saharan Africa,4.272,0.05661,0.80676,0.188,0.15602,0.25458,0.06075,2016,4.1364210526315786,0.4743213157894737,0.1355789473684217,-1.0387335615903848
Georgia,Central and Eastern Europe,4.252,0.83792,0.19249,0.64035,0.32461,0.06786,0.3188,2016,5.370689655172414,1.0475368965517242,-1.118689655172414,-1.0566722728092097
Congo (Brazzaville),Sub-Saharan Africa,4.236,0.77109,0.47799,0.28212,0.37938,0.12077,0.09753,2016,4.1364210526315786,0.4743213157894737,0.09957894736842121,-1.0710232417842693
Senegal,Sub-Saharan Africa,4.219,0.44314,0.77416,0.40457,0.31056,0.19103,0.11681,2016,4.1364210526315786,0.4743213157894737,0.08257894736842175,-1.0862711463202697
Bulgaria,Central and Eastern Europe,4.217,1.11306,0.92542,0.67806,0.21219,0.12793,0.00615,2016,5.370689655172414,1.0475368965517242,-1.153689655172414,-1.0880650174421527
Mauritania,Sub-Saharan Africa,4.201,0.61391,0.84142,0.28639,0.1268,0.22686,0.17955,2016,4.1364210526315786,0.4743213157894737,0.06457894736842107,-1.1024159864172123
Zimbabwe,Sub-Saharan Africa,4.193,0.35041,0.71478,0.1595,0.25429,0.18503,0.08582,2016,4.1364210526315786,0.4743213157894737,0.05657894736842106,-1.109591470904742
Malawi,Sub-Saharan Africa,4.156,0.08709,0.147,0.29364,0.4143,0.30968,0.07564,2016,4.1364210526315786,0.4743213157894737,0.01957894736842114,-1.1427780866595671
Sudan,Sub-Saharan Africa,4.139,0.63069,0.81928,0.29759,0.0,0.18077,0.10039,2016,4.1364210526315786,0.4743213157894737,0.00257894736842168,-1.1580259911955675
Gabon,Sub-Saharan Africa,4.121,1.15851,0.72368,0.3494,0.28098,0.06244,0.09314,2016,4.1364210526315786,0.4743213157894737,-0.015421052631578114,-1.1741708312925094
Mali,Sub-Saharan Africa,4.073,0.31292,0.86333,0.16347,0.27544,0.21064,0.13647,2016,4.1364210526315786,0.4743213157894737,-0.06342105263157816,-1.217223738217688
Haiti,Latin America and Caribbean,4.028,0.34097,0.29561,0.27494,0.12072,0.47958,0.14476,2016,6.10175,0.99341,-2.0737500000000004,-1.2575858384600438
Botswana,Sub-Saharan Africa,3.974,1.09426,0.89186,0.34752,0.44089,0.12425,0.10769,2016,4.1364210526315786,0.4743213157894737,-0.16242105263157836,-1.3060203587508694
Comoros,Sub-Saharan Africa,3.956,0.27509,0.60323,0.29981,0.15412,0.1827,0.18437,2016,4.1364210526315786,0.4743213157894737,-0.1804210526315786,-1.3221651988478116
Ivory Coast,Sub-Saharan Africa,3.916,0.55507,0.57576,0.04476,0.40663,0.20338,0.1553,2016,4.1364210526315786,0.4743213157894737,-0.22042105263157863,-1.3580426212854606
Cambodia,Southeastern Asia,3.907,0.55604,0.5375,0.42494,0.58852,0.40339,0.08092,2016,5.338888888888889,0.8963811111111111,-1.4318888888888885,-1.3661150413339316
Angola,Sub-Saharan Africa,3.866,0.84731,0.66366,0.04991,0.00589,0.12071,0.08434,2016,4.1364210526315786,0.4743213157894737,-0.27042105263157845,-1.4028893993325215
Niger,Sub-Saharan Africa,3.856,0.1327,0.6053,0.26162,0.38041,0.2097,0.17176,2016,4.1364210526315786,0.4743213157894737,-0.2804210526315787,-1.411858754941934
South Sudan,Sub-Saharan Africa,3.832,0.39394,0.18519,0.15781,0.19662,0.25899,0.13015,2016,4.1364210526315786,0.4743213157894737,-0.3044210526315787,-1.4333852084045233
Chad,Sub-Saharan Africa,3.763,0.42214,0.63178,0.03824,0.12807,0.18667,0.04952,2016,4.1364210526315786,0.4743213157894737,-0.37342105263157865,-1.4952737621094678
Burkina Faso,Sub-Saharan Africa,3.739,0.31995,0.63054,0.21297,0.3337,0.24353,0.12533,2016,4.1364210526315786,0.4743213157894737,-0.3974210526315787,-1.516800215572057
Uganda,Sub-Saharan Africa,3.739,0.34719,0.90981,0.19625,0.43653,0.27102,0.06442,2016,4.1364210526315786,0.4743213157894737,-0.3974210526315787,-1.516800215572057
Yemen,Middle East and Northern Africa,3.724,0.57939,0.47493,0.31048,0.2287,0.09821,0.05892,2016,5.386052631578947,1.139323157894737,-1.6620526315789466,-1.5302542489861752
Madagascar,Sub-Saharan Africa,3.695,0.27954,0.46115,0.37109,0.13684,0.2204,0.07506,2016,4.1364210526315786,0.4743213157894737,-0.4414210526315787,-1.556265380253471
Tanzania,Sub-Saharan Africa,3.666,0.47155,0.77623,0.357,0.3176,0.31472,0.05099,2016,4.1364210526315786,0.4743213157894737,-0.47042105263157863,-1.5822765115207664
Liberia,Sub-Saharan Africa,3.622,0.10706,0.50353,0.23165,0.25748,0.24063,0.04852,2016,4.1364210526315786,0.4743213157894737,-0.5144210526315787,-1.6217416762021801
Guinea,Sub-Saharan Africa,3.607,0.22415,0.3109,0.18829,0.30953,0.29914,0.1192,2016,4.1364210526315786,0.4743213157894737,-0.5294210526315783,-1.6351957096162983
Rwanda,Sub-Saharan Africa,3.515,0.32846,0.61586,0.31865,0.5432,0.23552,0.50521,2016,4.1364210526315786,0.4743213157894737,-0.6214210526315784,-1.7177137812228909
Benin,Sub-Saharan Africa,3.484,0.39499,0.10419,0.21028,0.39747,0.2018,0.06681,2016,4.1364210526315786,0.4743213157894737,-0.6524210526315786,-1.745518783612069
Afghanistan,Southern Asia,3.36,0.38227,0.11037,0.17344,0.1643,0.31268,0.07112,2016,4.563285714285714,0.6606714285714286,-1.2032857142857138,-1.8567387931687807
Togo,Sub-Saharan Africa,3.303,0.28123,0.0,0.24811,0.34678,0.17517,0.11587,2016,4.1364210526315786,0.4743213157894737,-0.8334210526315786,-1.9078641201424305
Syria,Middle East and Northern Africa,3.069,0.74719,0.14866,0.62994,0.06912,0.48397,0.17233,2016,5.386052631578947,1.139323157894737,-2.317052631578947,-2.1177470414026764
Burundi,Sub-Saharan Africa,2.905,0.06831,0.23442,0.15747,0.0432,0.2029,0.09419,2016,4.1364210526315786,0.4743213157894737,-1.2314210526315787,-2.264844473397037
Norway,Western Europe,7.53700017929077,1.61646318435669,1.53352355957031,0.796666502952576,0.635422587394714,0.36201223731041,0.315963834524155,2017,6.703714302607945,1.4574108634676262,0.833285876682825,1.8897612056949757
Denmark,Western Europe,7.52199983596802,1.48238301277161,1.55112159252167,0.792565524578094,0.626006722450256,0.355280488729477,0.40077006816864,2017,6.703714302607945,1.4574108634676262,0.8182855333600756,1.8763068643424745
Iceland,Western Europe,7.50400018692017,1.480633020401,1.6105740070343,0.833552122116089,0.627162635326385,0.475540220737457,0.153526559472084,2017,6.703714302607945,1.4574108634676262,0.8002858843122249,1.8601623390269955
Switzerland,Western Europe,7.49399995803833,1.56497955322266,1.51691174507141,0.858131289482117,0.620070576667786,0.290549278259277,0.367007285356522,2017,6.703714302607945,1.4574108634676262,0.7902856554303854,1.8511927781253221
Finland,Western Europe,7.4689998626709,1.44357192516327,1.5402467250824,0.80915766954422,0.617950856685638,0.24548277258873,0.38261154294014,2017,6.703714302607945,1.4574108634676262,0.7652855600629556,1.8287693035633523
Netherlands,Western Europe,7.3769998550415,1.50394463539124,1.42893922328949,0.810696125030518,0.585384488105774,0.470489829778671,0.282661825418472,2017,6.703714302607945,1.4574108634676262,0.6732855524335557,1.7462512251136797
Canada,North America,7.31599998474121,1.47920441627502,1.48134899139404,0.83455765247345,0.611100912094116,0.435539722442627,0.287371516227722,2017,7.1545000076293945,1.512731850147245,0.16149997711181552,1.691538272228547
New Zealand,Australia and New Zealand,7.31400012969971,1.40570604801178,1.54819512367249,0.816759705543518,0.614062130451202,0.500005125999451,0.382816702127457,2017,7.299000024795535,1.44506049156189,0.015000104904174805,1.6897445311250978
Sweden,Western Europe,7.28399991989136,1.49438726902008,1.47816216945648,0.830875158309937,0.612924098968506,0.385399252176285,0.384398728609085,2017,6.703714302607945,1.4574108634676262,0.5802856172834154,1.6628362761122912
Australia,Australia and New Zealand,7.28399991989136,1.484414935112,1.51004195213318,0.84388679265976,0.601607382297516,0.477699249982834,0.301183730363846,2017,7.299000024795535,1.44506049156189,-0.015000104904174805,1.6628362761122912
Israel,Middle East and Northern Africa,7.21299982070923,1.37538242340088,1.37628996372223,0.83840399980545,0.405988603830338,0.330082654953003,0.0852421000599861,2017,5.369684194263658,1.168535430180399,1.8433156264455723,1.5991537623254852
Costa Rica,Latin America and Caribbean,7.0789999961853,1.10970628261566,1.41640365123749,0.759509265422821,0.580131649971008,0.214613229036331,0.100106589496136,2017,5.957818193869158,1.0069808174263348,1.1211818023161424,1.4789645545500885
Austria,Western Europe,7.00600004196167,1.48709726333618,1.4599449634552,0.815328419208527,0.567766189575195,0.316472321748734,0.221060365438461,2017,6.703714302607945,1.4574108634676262,0.30228573935372527,1.413488299659833
United States,North America,6.99300003051758,1.54625928401947,1.41992056369781,0.77428662776947,0.505740523338318,0.392578780651093,0.135638788342476,2017,7.1545000076293945,1.512731850147245,-0.16149997711181463,1.4018281271029858
Ireland,Western Europe,6.97700023651123,1.53570663928986,1.55823111534119,0.80978262424469,0.573110342025757,0.42785832285881,0.29838815331459,2017,6.703714302607945,1.4574108634676262,0.2732859339032849,1.387477342890956
Germany,Western Europe,6.95100021362305,1.48792338371277,1.47252035140991,0.798950731754303,0.562511384487152,0.336269170045853,0.276731938123703,2017,6.703714302607945,1.4574108634676262,0.24728591101510577,1.3641569977772625
Belgium,Western Europe,6.89099979400635,1.46378076076508,1.46231269836426,0.818091869354248,0.539770722389221,0.231503337621689,0.251343131065369,2017,6.703714302607945,1.4574108634676262,0.18728549139840567,1.3103404877516487
Luxembourg,Western Europe,6.86299991607666,1.74194359779358,1.45758366584778,0.845089495182037,0.59662789106369,0.283180981874466,0.31883442401886,2017,6.703714302607945,1.4574108634676262,0.1592856134687155,1.2852264015344963
United Kingdom,Western Europe,6.71400022506714,1.44163393974304,1.49646008014679,0.805335938930511,0.508190035820007,0.492774158716202,0.265428066253662,2017,6.703714302607945,1.4574108634676262,0.010285922459194907,1.151583280098803
Chile,Latin America and Caribbean,6.65199995040894,1.25278460979462,1.28402495384216,0.819479703903198,0.376895278692245,0.326662421226501,0.0822879821062088,2017,5.957818193869158,1.0069808174263348,0.6941817565397823,1.095973028969741
United Arab Emirates,Middle East and Northern Africa,6.64799976348877,1.62634336948395,1.26641023159027,0.726798236370087,0.60834527015686,0.3609419465065,0.324489563703537,2017,5.369684194263658,1.168535430180399,1.2783155692251125,1.0923851190706289
Brazil,Latin America and Caribbean,6.63500022888184,1.10735321044922,1.43130600452423,0.616552352905273,0.437453746795654,0.16234989464283,0.111092761158943,2017,5.957818193869158,1.0069808174263348,0.6771820350126827,1.0807253742059872
Czech Republic,Central and Eastern Europe,6.60900020599365,1.35268235206604,1.43388521671295,0.754444003105164,0.490946173667908,0.0881067588925362,0.0368729270994663,2017,5.409931034877382,1.0920510189286596,1.1990691711162675,1.0574050290922832
Argentina,Latin America and Caribbean,6.59899997711182,1.18529546260834,1.44045114517212,0.695137083530426,0.494519203901291,0.109457060694695,0.059739887714386,2017,5.957818193869158,1.0069808174263348,0.6411817832426623,1.0484354681906187
Mexico,Latin America and Caribbean,6.57800006866455,1.15318381786346,1.210862159729,0.709978997707367,0.412730008363724,0.120990432798862,0.132774114608765,2017,5.957818193869158,1.0069808174263348,0.6201818747953922,1.029599903527752
Singapore,Southeastern Asia,6.57200002670288,1.69227766990662,1.35381436347961,0.949492394924164,0.549840569496155,0.345965981483459,0.46430778503418,2017,5.444875001907348,0.965252861380578,1.1271250247955322,1.0242182525251908
Malta,Western Europe,6.52699995040894,1.34327983856201,1.48841166496277,0.821944236755371,0.588767051696777,0.574730575084686,0.153066068887711,2017,6.703714302607945,1.4574108634676262,-0.17671435219900467,0.983856083852088
Uruguay,Latin America and Caribbean,6.4539999961853,1.21755969524384,1.41222786903381,0.719216823577881,0.57939225435257,0.175096929073334,0.178061872720718,2017,5.957818193869158,1.0069808174263348,0.4961818023161424,0.9183798289618239
Guatemala,Latin America and Caribbean,6.4539999961853,0.872001945972443,1.25558519363403,0.540239989757538,0.531310617923737,0.283488392829895,0.0772232785820961,2017,5.957818193869158,1.0069808174263348,0.4961818023161424,0.9183798289618239
Panama,Latin America and Caribbean,6.4520001411438,1.23374843597412,1.37319254875183,0.706156134605408,0.550026834011078,0.21055693924427,0.070983923971653,2017,5.957818193869158,1.0069808174263348,0.49418194727464204,0.9165860878583747
France,Western Europe,6.44199991226196,1.43092346191406,1.38777685165405,0.844465851783752,0.470222115516663,0.129762306809425,0.172502428293228,2017,6.703714302607945,1.4574108634676262,-0.2617143903459844,0.9076165269567014
Thailand,Southeastern Asia,6.42399978637695,1.12786877155304,1.42579245567322,0.647239029407501,0.580200731754303,0.572123110294342,0.0316127352416515,2017,5.444875001907348,0.965252861380578,0.9791247844696018,0.8914715739490167
Taiwan Province of China,East Asia,6.42199993133545,1.43362653255463,1.38456535339355,0.793984234333038,0.361466586589813,0.258360475301743,0.0638292357325554,2017,6.42199993133545,1.43362653255463,0.0,0.8896778328455682
Spain,Western Europe,6.40299987792969,1.38439786434174,1.53209090232849,0.888960599899292,0.408781230449677,0.190133571624756,0.0709140971302986,2017,6.703714302607945,1.4574108634676262,-0.3007144246782545,0.8726360092861597
Qatar,Middle East and Northern Africa,6.375,1.87076568603516,1.27429687976837,0.710098087787628,0.604130983352661,0.330473870038986,0.439299255609512,2017,5.369684194263658,1.168535430180399,1.005315805736342,0.8475219230690073
Colombia,Latin America and Caribbean,6.35699987411499,1.07062232494354,1.4021829366684,0.595027923583984,0.477487415075302,0.149014472961426,0.0466687418520451,2017,5.957818193869158,1.0069808174263348,0.39918168024583256,0.8313769700613234
Saudi Arabia,Middle East and Northern Africa,6.3439998626709,1.53062355518341,1.28667759895325,0.590148329734802,0.449750572443008,0.147616013884544,0.27343225479126,2017,5.369684194263658,1.168535430180399,0.9743156684072423,0.8197167975044762
Trinidad and Tobago,Latin America and Caribbean,6.16800022125244,1.36135590076447,1.3802285194397,0.519983291625977,0.518630743026733,0.325296461582184,0.0089648161083459,2017,5.957818193869158,1.0069808174263348,0.21018202738328196,0.6618564604033551
Kuwait,Middle East and Northern Africa,6.10500001907349,1.63295245170593,1.25969874858856,0.632105708122253,0.496337592601776,0.228289797902107,0.215159550309181,2017,5.369684194263658,1.168535430180399,0.7353158248098319,0.6053493387225684
Slovakia,Central and Eastern Europe,6.09800004959106,1.32539355754852,1.50505924224854,0.712732911109924,0.295817464590073,0.136544480919838,0.0242108516395092,2017,5.409931034877382,1.0920510189286596,0.6880690147136779,0.5990708171682737
Bahrain,Middle East and Northern Africa,6.08699989318848,1.48841226100922,1.32311046123505,0.653133034706116,0.536746919155121,0.172668486833572,0.257042169570923,2017,5.369684194263658,1.168535430180399,0.7173156989248222,0.5892043857148845
Malaysia,Southeastern Asia,6.08400011062622,1.29121541976929,1.28464603424072,0.618784427642822,0.402264982461929,0.416608929634094,0.0656007081270218,2017,5.444875001907348,0.965252861380578,0.6391251087188721,0.5865137740597018
Nicaragua,Latin America and Caribbean,6.07100009918213,0.737299203872681,1.28721570968628,0.653095960617065,0.447551846504211,0.301674216985703,0.130687981843948,2017,5.957818193869158,1.0069808174263348,0.11318190531297212,0.5748536015028547
Ecuador,Latin America and Caribbean,6.00799989700317,1.00082039833069,1.28616881370544,0.685636222362518,0.4551981985569,0.150112465023994,0.140134647488594,2017,5.957818193869158,1.0069808174263348,0.0501817031340126,0.5183464798220592
El Salvador,Latin America and Caribbean,6.00299978256226,0.909784495830536,1.18212509155273,0.596018552780151,0.432452529668808,0.0782579854130745,0.0899809598922729,2017,5.957818193869158,1.0069808174263348,0.045181588693102626,0.5138616993712313
Poland,Central and Eastern Europe,5.97300004959106,1.29178786277771,1.44571197032928,0.699475347995758,0.520342111587524,0.158465966582298,0.0593078061938286,2017,5.409931034877382,1.0920510189286596,0.5630690147136779,0.4869538720506208
Uzbekistan,Central and Eastern Europe,5.97100019454956,0.786441087722778,1.54896914958954,0.498272627592087,0.658248662948608,0.415983647108078,0.246528223156929,2017,5.409931034877382,1.0920510189286596,0.5610691596721775,0.48516013094717153
Italy,Western Europe,5.96400022506714,1.39506661891937,1.44492328166962,0.853144347667694,0.256450712680817,0.17278964817524,0.0280280914157629,2017,6.703714302607945,1.4574108634676262,-0.7397140775408051,0.47888160939288565
Russia,Central and Eastern Europe,5.96299982070923,1.28177809715271,1.46928238868713,0.547349333763123,0.373783111572266,0.0522638224065304,0.0329628810286522,2017,5.409931034877382,1.0920510189286596,0.5530687858318482,0.47798431114895623
Belize,Latin America and Caribbean,5.95599985122681,0.907975316047668,1.08141779899597,0.450191766023636,0.547509372234344,0.240015640854836,0.0965810716152191,2017,5.957818193869158,1.0069808174263348,-0.0018183426423474813,0.4717057895946703
Japan,Eastern Asia,5.92000007629395,1.41691517829895,1.43633782863617,0.913475871086121,0.505625545978546,0.12057276815176,0.163760736584663,2017,5.4915999412536625,1.2957340240478519,0.4284001350402873,0.4394163112715074
Lithuania,Central and Eastern Europe,5.90199995040894,1.31458234786987,1.47351610660553,0.62894994020462,0.234231784939766,0.010164656676352,0.0118656428530812,2017,5.409931034877382,1.0920510189286596,0.49206891553155785,0.4232713582638235
Algeria,Middle East and Northern Africa,5.87200021743774,1.09186446666718,1.1462174654007,0.617584645748138,0.233335807919502,0.0694366469979286,0.146096110343933,2017,5.369684194263658,1.168535430180399,0.5023160231740817,0.3963635309432131
Latvia,Central and Eastern Europe,5.84999990463257,1.26074862480164,1.40471494197845,0.638566970825195,0.325707912445068,0.153074786067009,0.0738427266478539,2017,5.409931034877382,1.0920510189286596,0.440068869755188,0.3766306680364259
South Korea,Eastern Asia,5.83799982070923,1.40167844295502,1.12827444076538,0.900214076042175,0.257921665906906,0.206674367189407,0.0632826685905457,2017,5.4915999412536625,1.2957340240478519,0.3463998794555678,0.3658673660313033
Moldova,Central and Eastern Europe,5.83799982070923,0.728870630264282,1.25182557106018,0.589465200901031,0.240729048848152,0.208779126405716,0.0100912861526012,2017,5.409931034877382,1.0920510189286596,0.42806878583184815,0.3658673660313033
Romania,Central and Eastern Europe,5.82499980926514,1.21768391132355,1.15009129047394,0.685158312320709,0.457003742456436,0.133519917726517,0.00438790069893,2017,5.409931034877382,1.0920510189286596,0.41506877438775813,0.3542071934744561
Bolivia,Latin America and Caribbean,5.82299995422363,0.833756566047668,1.22761905193329,0.473630249500275,0.558732926845551,0.22556072473526,0.0604777261614799,2017,5.957818193869158,1.0069808174263348,-0.13481823964552753,0.35241345237099814
Turkmenistan,Central and Eastern Europe,5.82200002670288,1.13077676296234,1.49314916133881,0.437726080417633,0.41827192902565,0.24992498755455,0.259270340204239,2017,5.409931034877382,1.0920510189286596,0.41206899182549783,0.3515165818192735
Kazakhstan,Central and Eastern Europe,5.81899976730347,1.28455626964569,1.38436901569366,0.606041550636292,0.437454283237457,0.201964423060417,0.119282886385918,2017,5.409931034877382,1.0920510189286596,0.4090687324260882,0.34882554247189484
North Cyprus,Western Europe,5.80999994277954,1.3469113111496,1.18630337715149,0.834647238254547,0.471203625202179,0.266845703125,0.155353352427483,2017,6.703714302607945,1.4574108634676262,-0.8937143598284045,0.34075327981415093
Slovenia,Central and Eastern Europe,5.75799989700317,1.3412059545517,1.45251882076263,0.790828227996826,0.572575807571411,0.242649093270302,0.0451289787888527,2017,5.409931034877382,1.0920510189286596,0.34806886212578814,0.29411258958675335
Peru,Latin America and Caribbean,5.71500015258789,1.03522527217865,1.21877038478851,0.630166113376617,0.450002878904343,0.126819714903831,0.0470490865409374,2017,5.957818193869158,1.0069808174263348,-0.24281804128126794,0.25554458970930444
Mauritius,Sub-Saharan Africa,5.62900018692017,1.18939554691315,1.20956099033356,0.638007462024689,0.491247326135635,0.360933750867844,0.0421815551817417,2017,4.111948722448104,0.501748885625066,1.5170514644720656,0.17840816226220194
Cyprus,Western Europe,5.62099981307983,1.35593807697296,1.13136327266693,0.84471470117569,0.355111539363861,0.271254301071167,0.0412379764020443,2017,6.703714302607945,1.4574108634676262,-1.0827144895281142,0.17123234246397787
Estonia,Central and Eastern Europe,5.61100006103516,1.32087934017181,1.47667109966278,0.695168316364288,0.479131430387497,0.0988908112049103,0.183248922228813,2017,5.409931034877382,1.0920510189286596,0.20106902615777766,0.16226320925451806
Belarus,Central and Eastern Europe,5.56899976730347,1.15655755996704,1.44494521617889,0.637714266777039,0.295400261878967,0.15513750910759,0.156313821673393,2017,5.409931034877382,1.0920510189286596,0.1590687324260882,0.12459165223658905
Libya,Middle East and Northern Africa,5.52500009536743,1.10180306434631,1.35756433010101,0.520169019699097,0.465733230113983,0.152073666453362,0.0926102101802826,2017,5.369684194263658,1.168535430180399,0.15531590110377191,0.08512678180740679
Turkey,Middle East and Northern Africa,5.5,1.19827437400818,1.33775317668915,0.637605607509613,0.300740599632263,0.0466930419206619,0.0996715798974037,2017,5.369684194263658,1.168535430180399,0.13031580573634205,0.062703307245437
Paraguay,Latin America and Caribbean,5.49300003051758,0.932537317276001,1.50728487968445,0.579250693321228,0.473507791757584,0.224150657653809,0.091065913438797,2017,5.957818193869158,1.0069808174263348,-0.4648181633515778,0.05642478569115109
Hong Kong,Eastern Asia,5.47200012207031,1.55167484283447,1.26279091835022,0.943062424659729,0.490968644618988,0.374465793371201,0.293933749198914,2017,5.4915999412536625,1.2957340240478519,-0.01959981918335263,0.03758922102828458
Philippines,Southeastern Asia,5.42999982833862,0.85769921541214,1.25391757488251,0.468009054660797,0.585214674472809,0.193513423204422,0.0993318930268288,2017,5.444875001907348,0.965252861380578,-0.014875173568727362,-8.233598964443508e-05
Serbia,Central and Eastern Europe,5.39499998092651,1.06931757926941,1.25818979740143,0.65078467130661,0.208715528249741,0.220125883817673,0.0409037806093693,2017,5.409931034877382,1.0920510189286596,-0.01493105395087202,-0.03147494376108277
Jordan,Middle East and Northern Africa,5.33599996566772,0.991012394428253,1.23908889293671,0.604590058326721,0.418421149253845,0.172170460224152,0.11980327218771,2017,5.369684194263658,1.168535430180399,-0.03368422859593778,-0.08439415554276626
Hungary,Central and Eastern Europe,5.32399988174438,1.2860119342804,1.34313309192657,0.687763452529907,0.175863519310951,0.0784016624093056,0.0366369374096394,2017,5.409931034877382,1.0920510189286596,-0.08593115313300181,-0.09515745754788885
Jamaica,Latin America and Caribbean,5.31099987030029,0.925579309463501,1.36821806430817,0.641022384166718,0.474307239055634,0.233818337321281,0.0552677810192108,2017,5.957818193869158,1.0069808174263348,-0.6468183235688674,-0.10681763010473605
Croatia,Central and Eastern Europe,5.29300022125244,1.22255623340607,0.96798300743103,0.701288521289825,0.255772292613983,0.248002976179123,0.0431031100451946,2017,5.409931034877382,1.0920510189286596,-0.11693081362494251,-0.12296215542021514
Kosovo,Central and Eastern Europe,5.27899980545044,0.951484382152557,1.13785350322723,0.541452050209045,0.260287940502167,0.319931447505951,0.0574716180562973,2017,5.409931034877382,1.0920510189286596,-0.1309312294269418,-0.13551962622099173
China,Eastern Asia,5.27299976348877,1.08116579055786,1.16083741188049,0.741415500640869,0.472787708044052,0.0288068410009146,0.0227942746132612,2017,5.4915999412536625,1.2957340240478519,-0.21860017776489205,-0.14090127722355303
Pakistan,Southern Asia,5.26900005340576,0.72688353061676,0.672690689563751,0.402047783136368,0.23521526157856,0.315446019172668,0.124348066747189,2017,4.628428561346872,0.6974788137844629,0.6405714920588883,-0.1444887594304603
Indonesia,Southeastern Asia,5.26200008392334,0.995538592338562,1.27444469928741,0.492345720529556,0.443323463201523,0.611704587936401,0.0153171354904771,2017,5.444875001907348,0.965252861380578,-0.1828749179840079,-0.1507672809847462
Venezuela,Latin America and Caribbean,5.25,1.12843120098114,1.43133759498596,0.617144227027893,0.153997123241425,0.0650196298956871,0.0644911229610443,2017,5.957818193869158,1.0069808174263348,-0.7078181938691577,-0.16153058298986878
Montenegro,Central and Eastern Europe,5.23699998855591,1.12112903594971,1.23837649822235,0.667464673519135,0.194989055395126,0.197911024093628,0.0881741940975189,2017,5.409931034877382,1.0920510189286596,-0.17293104632147216,-0.17319075554671598
Morocco,Middle East and Northern Africa,5.2350001335144,0.878114581108093,0.774864435195923,0.59771066904068,0.408158332109451,0.0322099551558495,0.0877631828188896,2017,5.369684194263658,1.168535430180399,-0.1346840607492581,-0.17498449665017402
Azerbaijan,Central and Eastern Europe,5.23400020599365,1.15360176563263,1.15240025520325,0.540775775909424,0.398155838251114,0.0452693402767181,0.180987507104874,2017,5.409931034877382,1.0920510189286596,-0.17593082888373246,-0.17588136720189865
Dominican Republic,Latin America and Caribbean,5.23000001907349,1.07937383651733,1.40241670608521,0.574873745441437,0.55258983373642,0.186967849731445,0.113945253193378,2017,5.957818193869158,1.0069808174263348,-0.7278181747956678,-0.1794692771010019
Greece,Western Europe,5.22700023651123,1.28948748111725,1.23941457271576,0.810198903083801,0.0957312509417534,0.0,0.04328977689147,2017,6.703714302607945,1.4574108634676262,-1.476714066096715,-0.18215988875618455
Lebanon,Middle East and Northern Africa,5.22499990463257,1.07498753070831,1.12962424755096,0.735081076622009,0.288515985012054,0.264450758695602,0.037513829767704,2017,5.369684194263658,1.168535430180399,-0.14468428963108781,-0.18395405755183858
Portugal,Western Europe,5.19500017166138,1.3151752948761,1.36704301834106,0.795843541622162,0.498465299606323,0.0951027125120163,0.0158694516867399,2017,6.703714302607945,1.4574108634676262,-1.508714130946565,-0.21086188487244023
Bosnia and Herzegovina,Central and Eastern Europe,5.18200016021729,0.982409417629242,1.0693359375,0.705186307430267,0.204403176903725,0.328867495059967,0.0,2017,5.409931034877382,1.0920510189286596,-0.22793087466009254,-0.22252205742928743
Honduras,Latin America and Caribbean,5.18100023269653,0.730573117733002,1.14394497871399,0.582569479942322,0.348079860210419,0.236188873648643,0.0733454525470734,2017,5.957818193869158,1.0069808174263348,-0.776817961172628,-0.22341892798102084
Macedonia,Central and Eastern Europe,5.17500019073486,1.06457793712616,1.20789301395416,0.644948184490204,0.325905978679657,0.25376096367836,0.0602777935564518,2017,5.409931034877382,1.0920510189286596,-0.2349308441425224,-0.22880057898358214
Somalia,Sub-Saharan Africa,5.15100002288818,0.0226431842893362,0.721151351928711,0.113989137113094,0.602126955986023,0.291631311178207,0.282410323619843,2017,4.111948722448104,0.501748885625066,1.039051300440076,-0.2503271829938273
Vietnam,Southeastern Asia,5.07399988174438,0.788547575473785,1.27749133110046,0.652168989181519,0.571055591106415,0.234968051314354,0.0876332372426987,2017,5.444875001907348,0.965252861380578,-0.3708751201629674,-0.3193913477831946
Nigeria,Sub-Saharan Africa,5.07399988174438,0.783756256103516,1.21577048301697,0.0569157302379608,0.394952565431595,0.230947196483612,0.0261215660721064,2017,4.111948722448104,0.501748885625066,0.9620511592962764,-0.3193913477831946
Tajikistan,Central and Eastern Europe,5.04099988937378,0.524713635444641,1.27146327495575,0.529235124588013,0.471566706895828,0.248997643589973,0.146377146244049,2017,5.409931034877382,1.0920510189286596,-0.36893114550360195,-0.34899021445117495
Bhutan,Southern Asia,5.01100015640259,0.885416388511658,1.34012651443481,0.495879292488098,0.501537680625916,0.474054545164108,0.173380389809608,2017,4.628428561346872,0.6974788137844629,0.38257159505571803,-0.37589804177177666
Kyrgyzstan,Central and Eastern Europe,5.00400018692017,0.596220076084137,1.39423859119415,0.553457796573639,0.454943388700485,0.42858037352562,0.0394391790032387,2017,5.409931034877382,1.0920510189286596,-0.40593084795721257,-0.38217656332606253
Nepal,Southern Asia,4.96199989318848,0.479820191860199,1.17928326129913,0.504130780696869,0.440305948257446,0.394096165895462,0.0729755461215973,2017,4.628428561346872,0.6974788137844629,0.3335713318416085,-0.41984812034399155
Mongolia,Eastern Asia,4.95499992370605,1.02723586559296,1.4930112361908,0.557783484458923,0.394143968820572,0.338464230298996,0.0329022891819477,2017,5.4915999412536625,1.2957340240478519,-0.5366000175476122,-0.42612664189828625
South Africa,Sub-Saharan Africa,4.8289999961853,1.05469870567322,1.38478863239288,0.187080070376396,0.479246735572815,0.139362379908562,0.0725094974040985,2017,4.111948722448104,0.501748885625066,0.7170512737371961,-0.5391404575676638
Tunisia,Middle East and Northern Africa,4.80499982833862,1.00726580619812,0.868351459503174,0.613212049007416,0.289680689573288,0.0496933571994305,0.0867231488227844,2017,5.369684194263658,1.168535430180399,-0.5646843659250376,-0.5606670615779089
Palestinian Territories,Middle East and Northern Africa,4.77500009536743,0.716249227523804,1.15564715862274,0.565666973590851,0.25471106171608,0.114173173904419,0.0892826020717621,2017,5.369684194263658,1.168535430180399,-0.5946840988962281,-0.5875748888985106
Egypt,Middle East and Northern Africa,4.7350001335144,0.989701807498932,0.997471392154694,0.520187258720398,0.282110154628754,0.128631442785263,0.114381365478039,2017,5.369684194263658,1.168535430180399,-0.6346840607492581,-0.6234522771207855
Bulgaria,Central and Eastern Europe,4.71400022506714,1.1614590883255,1.43437945842743,0.708217680454254,0.289231717586517,0.113177694380283,0.0110515309497714,2017,5.409931034877382,1.0920510189286596,-0.6959308098102426,-0.6422878417836434
Sierra Leone,Sub-Saharan Africa,4.70900011062622,0.36842092871666,0.984136044979095,0.0055647538974881,0.318697690963745,0.293040901422501,0.0710951760411263,2017,4.111948722448104,0.501748885625066,0.5970513881781159,-0.64677262223448
Cameroon,Sub-Saharan Africa,4.69500017166138,0.564305365085602,0.946018218994141,0.132892116904259,0.430388748645782,0.236298456788063,0.0513066314160824,2017,4.111948722448104,0.501748885625066,0.5830514492132757,-0.6593296653430518
Iran,Middle East and Northern Africa,4.69199991226196,1.15687310695648,0.711551249027252,0.639333188533783,0.249322608113289,0.387242913246155,0.048761073499918,2017,5.369684194263658,1.168535430180399,-0.6776842820016977,-0.6620207046904393
Albania,Central and Eastern Europe,4.64400005340576,0.996192753314972,0.803685247898102,0.731159746646881,0.381498634815216,0.201312944293022,0.0398642159998417,2017,5.409931034877382,1.0920510189286596,-0.7659309814716222,-0.7050734850187248
Bangladesh,Southern Asia,4.60799980163574,0.586682975292206,0.735131740570068,0.533241033554077,0.478356659412384,0.172255352139473,0.123717859387398,2017,4.628428561346872,0.6974788137844629,-0.020428759711131228,-0.7373633910340925
Namibia,Sub-Saharan Africa,4.57399988174438,0.964434325695038,1.0984708070755,0.33861181139946,0.520303547382355,0.0771337449550629,0.0931469723582268,2017,4.111948722448104,0.501748885625066,0.4620511592962764,-0.7678591282538062
Kenya,Sub-Saharan Africa,4.55299997329712,0.560479462146759,1.06795072555542,0.309988349676132,0.452763766050339,0.444860309362411,0.0646413192152977,2017,4.111948722448104,0.501748885625066,0.4410512508490161,-0.7866946929166639
Mozambique,Sub-Saharan Africa,4.55000019073486,0.234305649995804,0.870701014995575,0.106654435396194,0.480791091918945,0.322228103876114,0.179436385631561,2017,4.111948722448104,0.501748885625066,0.4380514682867558,-0.7893853045718466
Myanmar,Southeastern Asia,4.54500007629395,0.367110550403595,1.12323594093323,0.397522568702698,0.514492034912109,0.838075160980225,0.188816204667091,2017,5.444875001907348,0.965252861380578,-0.899874925613398,-0.7938700850226745
Senegal,Sub-Saharan Africa,4.53499984741211,0.479309022426605,1.17969191074371,0.409362852573395,0.377922266721725,0.183468893170357,0.115460447967052,2017,4.111948722448104,0.501748885625066,0.4230511249640063,-0.8028396459243479
Zambia,Sub-Saharan Africa,4.51399993896484,0.636406779289246,1.00318729877472,0.257835894823074,0.461603492498398,0.249580144882202,0.0782135501503944,2017,4.111948722448104,0.501748885625066,0.40205121651673625,-0.8216752105872144
Iraq,Middle East and Northern Africa,4.49700021743774,1.10271048545837,0.978613197803497,0.501180469989777,0.288555532693863,0.19963726401329,0.107215754687786,2017,5.369684194263658,1.168535430180399,-0.8726839768259183,-0.8369228653509688
Gabon,Sub-Saharan Africa,4.46500015258789,1.1982102394104,1.1556202173233,0.356578588485718,0.312328577041626,0.0437853783369064,0.0760467872023582,2017,4.111948722448104,0.501748885625066,0.3530514301397858,-0.8656248614672245
Ethiopia,Sub-Saharan Africa,4.46000003814697,0.339233845472336,0.86466920375824,0.353409707546234,0.408842742443085,0.312650740146637,0.165455713868141,2017,4.111948722448104,0.501748885625066,0.34805131569886605,-0.8701096419180612
Sri Lanka,Southern Asia,4.44000005722046,1.00985014438629,1.25997638702393,0.625130832195282,0.561213254928589,0.490863561630249,0.0736539661884308,2017,4.628428561346872,0.6974788137844629,-0.18842850412641177,-0.8880483360291943
Armenia,Central and Eastern Europe,4.37599992752075,0.900596737861633,1.00748372077942,0.637524425983429,0.198303267359734,0.0834880918264389,0.0266744215041399,2017,5.409931034877382,1.0920510189286596,-1.033931107356632,-0.9454523282617144
India,Southern Asia,4.31500005722046,0.792221248149872,0.754372596740723,0.455427616834641,0.469987004995346,0.231538489460945,0.0922268852591515,2017,4.628428561346872,0.6974788137844629,-0.31342850412641177,-1.000165281146847
Mauritania,Sub-Saharan Africa,4.29199981689453,0.648457288742065,1.2720308303833,0.285349279642105,0.0960980430245399,0.201870024204254,0.136957004666328,2017,4.111948722448104,0.501748885625066,0.18005109444642642,-1.0207950146053677
Congo (Brazzaville),Sub-Saharan Africa,4.29099988937378,0.808964252471924,0.832044363021851,0.28995743393898,0.435025870800018,0.120852127671242,0.0796181336045265,2017,4.111948722448104,0.501748885625066,0.17905116692567624,-1.0216918851570924
Georgia,Central and Eastern Europe,4.28599977493286,0.950612664222717,0.57061493396759,0.649546980857849,0.309410035610199,0.0540088154375553,0.251666635274887,2017,5.409931034877382,1.0920510189286596,-1.1239312599445217,-1.026176665607929
Congo (Kinshasa),Sub-Saharan Africa,4.28000020980835,0.0921023488044739,1.22902345657349,0.191407024860382,0.235961347818375,0.246455833315849,0.0602413564920425,2017,4.111948722448104,0.501748885625066,0.16805148736024567,-1.0315578889182855
Mali,Sub-Saharan Africa,4.19000005722046,0.476180493831635,1.28147339820862,0.169365674257278,0.306613743305206,0.183354198932648,0.104970246553421,2017,4.111948722448104,0.501748885625066,0.07805133477235593,-1.1122822262645
Ivory Coast,Sub-Saharan Africa,4.17999982833862,0.603048920631409,0.904780030250549,0.0486421696841717,0.447706192731857,0.201237469911575,0.130061775445938,2017,4.111948722448104,0.501748885625066,0.06805110589051644,-1.1212517871661734
Cambodia,Southeastern Asia,4.16800022125244,0.601765096187592,1.00623834133148,0.429783403873444,0.633375823497772,0.385922968387604,0.0681059509515762,2017,5.444875001907348,0.965252861380578,-1.2768747806549081,-1.1320146614790911
Sudan,Sub-Saharan Africa,4.13899993896484,0.65951669216156,1.21400856971741,0.290920823812485,0.0149958552792668,0.182317450642586,0.089847519993782,2017,4.111948722448104,0.501748885625066,0.027051216516736254,-1.158026045940173
Ghana,Sub-Saharan Africa,4.11999988555908,0.667224824428558,0.873664736747742,0.295637726783752,0.423026293516159,0.256923943758011,0.0253363698720932,2017,4.111948722448104,0.501748885625066,0.008051163110976312,-1.1750678694995815
Ukraine,Central and Eastern Europe,4.09600019454956,0.89465194940567,1.39453756809235,0.575903952121735,0.122974775731564,0.270061463117599,0.0230294708162546,2017,5.409931034877382,1.0920510189286596,-1.3139308403278225,-1.1965940458176219
Uganda,Sub-Saharan Africa,4.08099985122681,0.381430715322495,1.12982773780823,0.217632606625557,0.443185955286026,0.325766056776047,0.057069718837738,2017,4.111948722448104,0.501748885625066,-0.03094887122129375,-1.210048387170123
Burkina Faso,Sub-Saharan Africa,4.03200006484985,0.3502277135849,1.04328000545502,0.215844258666039,0.324367851018906,0.250864684581757,0.120328105986118,2017,4.111948722448104,0.501748885625066,-0.07994865759825398,-1.253998038050142
Niger,Sub-Saharan Africa,4.02799987792969,0.161925330758095,0.993025004863739,0.26850500702858,0.36365869641304,0.228673845529556,0.138572946190834,2017,4.111948722448104,0.501748885625066,-0.08394884451841378,-1.2575859479492453
Malawi,Sub-Saharan Africa,3.97000002861023,0.233442038297653,0.512568831443787,0.315089583396912,0.466914653778076,0.287170469760895,0.0727116540074348,2017,4.111948722448104,0.501748885625066,-0.141948693837874,-1.3096080753331019
Chad,Sub-Saharan Africa,3.93600010871887,0.438012987375259,0.953855872154236,0.0411347150802612,0.16234202682972,0.216113850474358,0.0535818822681904,2017,4.111948722448104,0.501748885625066,-0.1759486137292341,-1.3401038125528155
Zimbabwe,Sub-Saharan Africa,3.875,0.375846534967422,1.08309590816498,0.196763753890991,0.336384207010269,0.189143493771553,0.0953753814101219,2017,4.111948722448104,0.501748885625066,-0.23694872244810394,-1.3948169792840506
Lesotho,Sub-Saharan Africa,3.80800008773804,0.521021246910095,1.19009518623352,0.0,0.390661299228668,0.157497271895409,0.119094640016556,2017,4.111948722448104,0.501748885625066,-0.3039486347100637,-1.4549115831717443
Angola,Sub-Saharan Africa,3.79500007629395,0.858428180217743,1.10441195964813,0.0498686656355858,0.0,0.097926490008831,0.0697203353047371,2017,4.111948722448104,0.501748885625066,-0.31694864615415375,-1.4665717557285916
Afghanistan,Southern Asia,3.79399991035461,0.401477217674255,0.581543326377869,0.180746778845787,0.106179520487785,0.311870932579041,0.0611578300595284,2017,4.628428561346872,0.6974788137844629,-0.8344286509922618,-1.467468840126428
Botswana,Sub-Saharan Africa,3.76600003242493,1.12209415435791,1.22155499458313,0.341755509376526,0.505196332931519,0.0993484482169151,0.0985831990838051,2017,4.111948722448104,0.501748885625066,-0.3459486900231741,-1.4925829263435713
Benin,Sub-Saharan Africa,3.65700006484985,0.431085407733917,0.435299843549728,0.209930211305618,0.425962775945663,0.207948461174965,0.0609290152788162,2017,4.111948722448104,0.501748885625066,-0.454948657598254,-1.5903488734031008
Madagascar,Sub-Saharan Africa,3.64400005340576,0.305808693170547,0.913020372390747,0.375223308801651,0.189196765422821,0.208732530474663,0.0672319754958153,2017,4.111948722448104,0.501748885625066,-0.467948669042344,-1.6020090459599479
Haiti,Latin America and Caribbean,3.6029999256134,0.368610262870789,0.640449821949005,0.277321130037308,0.0303698573261499,0.489203780889511,0.0998721495270729,2017,5.957818193869158,1.0069808174263348,-2.3548182682557575,-1.63878351858005
Yemen,Middle East and Northern Africa,3.59299993515015,0.591683447360992,0.93538224697113,0.310080915689468,0.249463722109795,0.104125209152699,0.0567674227058887,2017,5.369684194263658,1.168535430180399,-1.776684259113508,-1.6477528656356122
South Sudan,Sub-Saharan Africa,3.59100008010864,0.39724862575531,0.601323127746582,0.163486003875732,0.147062435746193,0.285670816898346,0.116793513298035,2017,4.111948722448104,0.501748885625066,-0.520948642339464,-1.6495466067390703
Liberia,Sub-Saharan Africa,3.53299999237061,0.119041793048382,0.872117936611176,0.229918196797371,0.332881182432175,0.26654988527298,0.0389482490718365,2017,4.111948722448104,0.501748885625066,-0.578948730077494,-1.7015689479690204
Guinea,Sub-Saharan Africa,3.50699996948242,0.244549930095673,0.791244685649872,0.194129139184952,0.348587512969971,0.264815092086792,0.110937617719173,2017,4.111948722448104,0.501748885625066,-0.6049487529656838,-1.7248892930827235
Togo,Sub-Saharan Africa,3.49499988555908,0.305444717407227,0.431882530450821,0.247105568647385,0.38042613863945,0.196896150708199,0.0956650152802467,2017,4.111948722448104,0.501748885625066,-0.6169488368890241,-1.7356525950878463
Rwanda,Sub-Saharan Africa,3.47099995613098,0.368745893239975,0.945707023143768,0.326424807310104,0.581843852996826,0.252756029367447,0.455220013856888,2017,4.111948722448104,0.501748885625066,-0.6409487663171238,-1.7571789852519888
Syria,Middle East and Northern Africa,3.46199989318848,0.777153134346008,0.396102607250214,0.50053334236145,0.0815394446253777,0.493663728237152,0.151347130537033,2017,5.369684194263658,1.168535430180399,-1.9076843010751778,-1.7652514617558264
Tanzania,Sub-Saharan Africa,3.34899997711182,0.511135876178741,1.04198980331421,0.364509284496307,0.390017777681351,0.354256361722946,0.0660351067781448,2017,4.111948722448104,0.501748885625066,-0.762948745336284,-1.8666051048683567
Burundi,Sub-Saharan Africa,2.90499997138977,0.091622568666935,0.629793584346771,0.151610791683197,0.0599007532000542,0.204435184597969,0.0841479450464249,2017,4.111948722448104,0.501748885625066,-1.2069487510583339,-2.2648444990585697
Central African Republic,Sub-Saharan Africa,2.69300007820129,0.0,0.0,0.0187726859003305,0.270842045545578,0.280876487493515,0.0565650761127472,2017,4.111948722448104,0.501748885625066,-1.418948644246814,-2.4549947421750584
Finland,Western Europe,7.632,1.305,1.592,0.874,0.681,0.202,0.393,2018,6.781761904761905,1.321047619047619,0.8502380952380948,1.9749699231721245
Norway,Western Europe,7.594,1.456,1.582,0.861,0.686,0.286,0.34,2018,6.781761904761905,1.321047619047619,0.8122380952380954,1.9408863718563587
Denmark,Western Europe,7.555,1.351,1.59,0.868,0.683,0.284,0.408,2018,6.781761904761905,1.321047619047619,0.7732380952380948,1.9059058849796504
Iceland,Western Europe,7.495,1.343,1.644,0.914,0.677,0.353,0.138,2018,6.781761904761905,1.321047619047619,0.7132380952380952,1.8520897513231773
Switzerland,Western Europe,7.487,1.42,1.549,0.927,0.66,0.256,0.357,2018,6.781761904761905,1.321047619047619,0.7052380952380952,1.8449142668356475
Netherlands,Western Europe,7.441,1.361,1.488,0.878,0.638,0.333,0.295,2018,6.781761904761905,1.321047619047619,0.659238095238095,1.803655231032351
Canada,North America,7.328,1.33,1.532,0.896,0.653,0.321,0.291,2018,7.107,1.3639999999999999,0.22100000000000009,1.7023015126459933
New Zealand,Australia and New Zealand,7.324,1.268,1.601,0.876,0.669,0.365,0.389,2018,7.298,1.304,0.0259999999999998,1.698713770402228
Sweden,Western Europe,7.314,1.355,1.501,0.913,0.659,0.285,0.383,2018,6.781761904761905,1.321047619047619,0.5322380952380952,1.689744414792816
Australia,Australia and New Zealand,7.272,1.34,1.573,0.91,0.647,0.361,0.302,2018,7.298,1.304,-0.0259999999999998,1.6520731212332846
United Kingdom,Western Europe,7.19,1.244,1.433,0.888,0.464,0.262,0.082,2018,6.781761904761905,1.321047619047619,0.4082380952380955,1.5785244052361045
Austria,Western Europe,7.139,1.341,1.504,0.891,0.617,0.242,0.224,2018,6.781761904761905,1.321047619047619,0.35723809523809535,1.532780691628102
Costa Rica,Latin America and Caribbean,7.072,1.01,1.459,0.817,0.632,0.143,0.101,2018,5.950136363636363,0.9013181818181818,1.1218636363636367,1.47268600904504
Ireland,Western Europe,6.977,1.448,1.583,0.876,0.614,0.307,0.306,2018,6.781761904761905,1.321047619047619,0.19523809523809543,1.387477130755624
Germany,Western Europe,6.965,1.34,1.474,0.861,0.586,0.273,0.28,2018,6.781761904761905,1.321047619047619,0.18323809523809498,1.3767139040243288
Belgium,Western Europe,6.927,1.324,1.483,0.894,0.583,0.188,0.24,2018,6.781761904761905,1.321047619047619,0.14523809523809472,1.3426303527085621
Luxembourg,Western Europe,6.91,1.576,1.52,0.896,0.632,0.196,0.321,2018,6.781761904761905,1.321047619047619,0.12823809523809526,1.3273824481725618
United States,North America,6.886,1.398,1.471,0.819,0.547,0.291,0.133,2018,7.107,1.3639999999999999,-0.22100000000000009,1.3058559947099724
Israel,Middle East and Northern Africa,6.814,1.301,1.559,0.883,0.533,0.354,0.272,2018,5.282736842105263,1.081157894736842,1.5312631578947373,1.2412766343222044
United Arab Emirates,Middle East and Northern Africa,6.774,2.096,0.776,0.67,0.284,0.186,0.38306168210050523,2018,5.282736842105263,1.081157894736842,1.4912631578947373,1.2053992118845553
Czech Republic,Central and Eastern Europe,6.711,1.233,1.489,0.854,0.543,0.064,0.034,2018,5.463965517241379,0.9893448275862069,1.2470344827586217,1.1488922715452585
Malta,Western Europe,6.627,1.27,1.525,0.884,0.645,0.376,0.142,2018,6.781761904761905,1.321047619047619,-0.1547619047619051,1.0735496844261954
France,Western Europe,6.489,1.293,1.466,0.908,0.52,0.098,0.176,2018,6.781761904761905,1.321047619047619,-0.292761904761905,0.9497725770163066
Mexico,Latin America and Caribbean,6.488,1.038,1.252,0.761,0.479,0.069,0.095,2018,5.950136363636363,0.9013181818181818,0.5378636363636371,0.9488756414553658
Chile,Latin America and Caribbean,6.476,1.131,1.331,0.808,0.431,0.197,0.061,2018,5.950136363636363,0.9013181818181818,0.5258636363636366,0.9381124147240708
Taiwan,Eastern Asia,6.441,1.365,1.436,0.857,0.418,0.151,0.078,2018,5.672,1.2055,0.7690000000000001,0.9067196700911279
Panama,Latin America and Caribbean,6.43,1.112,1.438,0.759,0.597,0.125,0.063,2018,5.950136363636363,0.9013181818181818,0.4798636363636364,0.8968533789207743
Brazil,Latin America and Caribbean,6.419,0.986,1.474,0.675,0.493,0.11,0.088,2018,5.950136363636363,0.9013181818181818,0.46886363636363626,0.8869870877504208
Argentina,Latin America and Caribbean,6.388,1.073,1.468,0.744,0.57,0.062,0.054,2018,5.950136363636363,0.9013181818181818,0.43786363636363657,0.8591820853612431
Guatemala,Latin America and Caribbean,6.382,0.781,1.268,0.608,0.604,0.179,0.071,2018,5.950136363636363,0.9013181818181818,0.43186363636363634,0.8538004719955956
Uruguay,Latin America and Caribbean,6.379,1.093,1.459,0.771,0.625,0.13,0.155,2018,5.950136363636363,0.9013181818181818,0.4288636363636362,0.8511096653127718
Qatar,Middle East and Northern Africa,6.374,1.649,1.303,0.748,0.654,0.256,0.171,2018,5.282736842105263,1.081157894736842,1.091263157894737,0.8466249875080658
Saudi Arabia,Middle East and Northern Africa,6.371,1.379,1.331,0.633,0.509,0.098,0.127,2018,5.282736842105263,1.081157894736842,1.0882631578947377,0.8439341808252427
Singapore,Southeastern Asia,6.343,1.529,1.451,1.008,0.631,0.261,0.457,2018,5.313444444444444,0.8939999999999999,1.0295555555555556,0.8188199851188881
Malaysia,Southeastern Asia,6.322,1.161,1.258,0.669,0.356,0.311,0.059,2018,5.313444444444444,0.8939999999999999,1.0085555555555556,0.7999843383391225
Spain,Western Europe,6.31,1.251,1.538,0.965,0.449,0.142,0.074,2018,6.781761904761905,1.321047619047619,-0.47176190476190527,0.7892211116078275
Colombia,Latin America and Caribbean,6.26,0.96,1.439,0.635,0.531,0.099,0.039,2018,5.950136363636363,0.9013181818181818,0.30986363636363645,0.7443743335607664
Trinidad and Tobago,Latin America and Caribbean,6.192,1.223,1.492,0.564,0.575,0.171,0.019,2018,5.950136363636363,0.9013181818181818,0.24186363636363684,0.6833827154167637
Slovakia,Central and Eastern Europe,6.173,1.21,1.537,0.776,0.354,0.118,0.014,2018,5.463965517241379,0.9893448275862069,0.7090344827586215,0.6663409397588802
El Salvador,Latin America and Caribbean,6.167,0.806,1.231,0.639,0.461,0.065,0.082,2018,5.950136363636363,0.9013181818181818,0.21686363636363648,0.6609593263932327
Nicaragua,Latin America and Caribbean,6.141,0.668,1.319,0.7,0.527,0.208,0.128,2018,5.950136363636363,0.9013181818181818,0.19086363636363668,0.6376390018087611
Poland,Central and Eastern Europe,6.123,1.176,1.448,0.781,0.546,0.108,0.064,2018,5.463965517241379,0.9893448275862069,0.6590344827586216,0.6214941617118193
Bahrain,Middle East and Northern Africa,6.105,1.338,1.366,0.698,0.594,0.243,0.123,2018,5.282736842105263,1.081157894736842,0.8222631578947377,0.6053493216148774
Uzbekistan,Central and Eastern Europe,6.096,0.719,1.584,0.605,0.724,0.328,0.259,2018,5.463965517241379,0.9893448275862069,0.6320344827586215,0.5972769015664061
Kuwait,Middle East and Northern Africa,6.083,1.474,1.301,0.675,0.554,0.167,0.106,2018,5.282736842105263,1.081157894736842,0.8002631578947375,0.5856167392741702
Thailand,Southeastern Asia,6.072,1.016,1.417,0.707,0.637,0.364,0.029,2018,5.313444444444444,0.8939999999999999,0.7585555555555556,0.5757504481038167
Italy,Western Europe,6.0,1.264,1.501,0.946,0.281,0.137,0.028,2018,6.781761904761905,1.321047619047619,-0.7817619047619049,0.5111710877160486
Ecuador,Latin America and Caribbean,5.973,0.889,1.33,0.736,0.556,0.114,0.12,2018,5.950136363636363,0.9013181818181818,0.02286363636363653,0.48695382757063543
Belize,Latin America and Caribbean,5.956,0.807,1.101,0.474,0.593,0.183,0.089,2018,5.950136363636363,0.9013181818181818,0.00586363636363707,0.47170592303463516
Lithuania,Central and Eastern Europe,5.952,1.197,1.527,0.716,0.35,0.026,0.006,2018,5.463965517241379,0.9893448275862069,0.4880344827586214,0.46811818079086986
Slovenia,Central and Eastern Europe,5.948,1.219,1.506,0.856,0.633,0.16,0.051,2018,5.463965517241379,0.9893448275862069,0.4840344827586218,0.46453043854710535
Romania,Central and Eastern Europe,5.945,1.116,1.219,0.726,0.528,0.088,0.001,2018,5.463965517241379,0.9893448275862069,0.4810344827586217,0.46183963186428156
Latvia,Central and Eastern Europe,5.933,1.148,1.454,0.671,0.363,0.092,0.066,2018,5.463965517241379,0.9893448275862069,0.46903448275862125,0.45107640513298647
Japan,Eastern Asia,5.915,1.294,1.462,0.988,0.553,0.079,0.15,2018,5.672,1.2055,0.24300000000000033,0.43493156503604463
Mauritius,Sub-Saharan Africa,5.891,1.09,1.387,0.684,0.584,0.245,0.05,2018,4.195025641025641,0.4428461538461539,1.6959743589743592,0.4134051115734553
Jamaica,Latin America and Caribbean,5.89,0.819,1.493,0.693,0.575,0.096,0.031,2018,5.950136363636363,0.9013181818181818,-0.060136363636363654,0.41250817601251377
South Korea,Eastern Asia,5.875,1.266,1.204,0.955,0.244,0.175,0.051,2018,5.672,1.2055,0.2030000000000003,0.3990541425983957
North Cyprus,Western Europe,5.835,1.229,1.211,0.909,0.495,0.179,0.154,2018,6.781761904761905,1.321047619047619,-0.9467619047619049,0.36317672016074676
Russia,Central and Eastern Europe,5.81,1.151,1.479,0.599,0.399,0.065,0.025,2018,5.463965517241379,0.9893448275862069,0.34603448275862103,0.34075333113721584
Kazakhstan,Central and Eastern Europe,5.79,1.143,1.516,0.631,0.454,0.148,0.121,2018,5.463965517241379,0.9893448275862069,0.32603448275862146,0.3228146199183918
Cyprus,Western Europe,5.762,1.229,1.191,0.909,0.423,0.202,0.035,2018,6.781761904761905,1.321047619047619,-1.0197619047619053,0.2977004242120371
Bolivia,Latin America and Caribbean,5.752,0.751,1.223,0.508,0.606,0.141,0.054,2018,5.950136363636363,0.9013181818181818,-0.19813636363636355,0.28873106860262504
Estonia,Central and Eastern Europe,5.739,1.2,1.532,0.737,0.553,0.086,0.174,2018,5.463965517241379,0.9893448275862069,0.2750344827586213,0.2770709063103892
Paraguay,Latin America and Caribbean,5.681,0.835,1.522,0.615,0.541,0.162,0.074,2018,5.950136363636363,0.9013181818181818,-0.2691363636363633,0.22504864377579845
Peru,Latin America and Caribbean,5.663,0.934,1.249,0.674,0.53,0.092,0.034,2018,5.950136363636363,0.9013181818181818,-0.2871363636363631,0.2089038036788566
Kosovo,Central and Eastern Europe,5.662,0.855,1.23,0.578,0.448,0.274,0.023,2018,5.463965517241379,0.9893448275862069,0.19803448275862134,0.2080068681179151
Moldova,Central and Eastern Europe,5.64,0.657,1.301,0.62,0.232,0.171,0.0,2018,5.463965517241379,0.9893448275862069,0.1760344827586211,0.18827428577720798
Turkmenistan,Central and Eastern Europe,5.636,1.016,1.533,0.517,0.417,0.199,0.037,2018,5.463965517241379,0.9893448275862069,0.17203448275862154,0.18468654353344346
Hungary,Central and Eastern Europe,5.62,1.171,1.401,0.732,0.259,0.061,0.022,2018,5.463965517241379,0.9893448275862069,0.15603448275862153,0.17033557455838388
Libya,Middle East and Northern Africa,5.566,0.985,1.35,0.553,0.496,0.116,0.148,2018,5.282736842105263,1.081157894736842,0.2832631578947371,0.1219010542675576
Philippines,Southeastern Asia,5.524,0.775,1.312,0.513,0.643,0.12,0.105,2018,5.313444444444444,0.8939999999999999,0.2105555555555556,0.08422976070802639
Honduras,Latin America and Caribbean,5.504,0.62,1.205,0.622,0.459,0.197,0.074,2018,5.950136363636363,0.9013181818181818,-0.4461363636363638,0.0662910494892015
Belarus,Central and Eastern Europe,5.483,1.039,1.498,0.7,0.307,0.101,0.154,2018,5.463965517241379,0.9893448275862069,0.019034482758621074,0.0474554027094359
Turkey,Middle East and Northern Africa,5.483,1.148,1.38,0.686,0.324,0.106,0.109,2018,5.282736842105263,1.081157894736842,0.20026315789473692,0.0474554027094359
Pakistan,Southern Asia,5.472,0.652,0.81,0.424,0.334,0.216,0.113,2018,4.6038571428571435,0.6251428571428572,0.8681428571428569,0.037589111539083134
Hong Kong,Eastern Asia,5.43,1.405,1.29,1.03,0.524,0.246,0.291,2018,5.672,1.2055,-0.242,-8.218202044887069e-05
Portugal,Western Europe,5.41,1.188,1.429,0.884,0.562,0.055,0.017,2018,6.781761904761905,1.321047619047619,-1.3717619047619047,-0.018020893239272952
Serbia,Central and Eastern Europe,5.398,0.975,1.369,0.685,0.288,0.134,0.043,2018,5.463965517241379,0.9893448275862069,-0.06596551724137889,-0.02878411997056804
Greece,Western Europe,5.358,1.154,1.202,0.879,0.131,0.0,0.044,2018,6.781761904761905,1.321047619047619,-1.4237619047619052,-0.06466154240821699
Lebanon,Middle East and Northern Africa,5.358,0.965,1.179,0.785,0.503,0.214,0.136,2018,5.282736842105263,1.081157894736842,0.07526315789473692,-0.06466154240821699
Montenegro,Central and Eastern Europe,5.347,1.017,1.279,0.729,0.259,0.111,0.081,2018,5.463965517241379,0.9893448275862069,-0.11696551724137816,-0.07452783357856976
Croatia,Central and Eastern Europe,5.321,1.115,1.161,0.737,0.38,0.12,0.039,2018,5.463965517241379,0.9893448275862069,-0.14296551724137885,-0.09784815816304218
Dominican Republic,Latin America and Caribbean,5.302,0.982,1.441,0.614,0.578,0.12,0.106,2018,5.950136363636363,0.9013181818181818,-0.6481363636363637,-0.11488993382092554
Algeria,Middle East and Northern Africa,5.295,0.979,1.154,0.687,0.077,0.055,0.135,2018,5.282736842105263,1.081157894736842,0.012263157894737198,-0.12116848274751381
Morocco,Middle East and Northern Africa,5.254,0.779,0.797,0.669,0.46,0.026,0.074,2018,5.282736842105263,1.081157894736842,-0.02873684210526317,-0.1579428407461043
China,Eastern Asia,5.246,0.989,1.142,0.799,0.597,0.029,0.103,2018,5.672,1.2055,-0.42599999999999927,-0.1651183252336333
Azerbaijan,Central and Eastern Europe,5.201,1.024,1.161,0.603,0.43,0.031,0.176,2018,5.463965517241379,0.9893448275862069,-0.26296551724137895,-0.20548042547598908
Tajikistan,Central and Eastern Europe,5.199,0.474,1.166,0.598,0.292,0.187,0.034,2018,5.463965517241379,0.9893448275862069,-0.26496551724137873,-0.2072742965978713
Macedonia,Central and Eastern Europe,5.185,0.959,1.239,0.691,0.394,0.173,0.052,2018,5.463965517241379,0.9893448275862069,-0.27896551724137897,-0.21983139445104866
Jordan,Middle East and Northern Africa,5.161,0.822,1.265,0.645,0.468,0.13,0.134,2018,5.282736842105263,1.081157894736842,-0.12173684210526314,-0.241357847913638
Nigeria,Sub-Saharan Africa,5.155,0.689,1.172,0.048,0.462,0.201,0.032,2018,4.195025641025641,0.4428461538461539,0.9599743589743595,-0.24673946127928476
Kyrgyzstan,Central and Eastern Europe,5.131,0.53,1.416,0.594,0.54,0.281,0.035,2018,5.463965517241379,0.9893448275862069,-0.33296551724137835,-0.26826591474187417
Bosnia and Herzegovina,Central and Eastern Europe,5.129,0.915,1.078,0.758,0.28,0.216,0.0,2018,5.463965517241379,0.9893448275862069,-0.334965517241379,-0.2700597858637572
Mongolia,Eastern Asia,5.125,0.914,1.517,0.575,0.395,0.253,0.032,2018,5.672,1.2055,-0.5469999999999997,-0.2736475281075217
Vietnam,Southeastern Asia,5.103,0.715,1.365,0.702,0.618,0.177,0.079,2018,5.313444444444444,0.8939999999999999,-0.21044444444444466,-0.2933801104482288
Indonesia,Southeastern Asia,5.093,0.899,1.215,0.522,0.538,0.484,0.018,2018,5.313444444444444,0.8939999999999999,-0.22044444444444444,-0.30234946605764085
Bhutan,Southern Asia,5.082,0.796,1.335,0.527,0.541,0.364,0.171,2018,4.6038571428571435,0.6251428571428572,0.4781428571428563,-0.31221575722799444
Somalia,Sub-Saharan Africa,4.982,0.0,0.712,0.115,0.674,0.238,0.282,2018,4.195025641025641,0.4428461538461539,0.7869743589743594,-0.40190931332211643
Cameroon,Sub-Saharan Africa,4.975,0.535,0.891,0.182,0.454,0.183,0.043,2018,4.195025641025641,0.4428461538461539,0.7799743589743589,-0.40818786224870546
Bulgaria,Central and Eastern Europe,4.933,1.054,1.515,0.712,0.359,0.064,0.009,2018,5.463965517241379,0.9893448275862069,-0.5309655172413787,-0.4458591558082367
Nepal,Southern Asia,4.88,0.425,1.228,0.539,0.526,0.302,0.078,2018,4.6038571428571435,0.6251428571428572,0.27614285714285636,-0.49339674053812144
Venezuela,Latin America and Caribbean,4.806,0.996,1.469,0.657,0.133,0.056,0.052,2018,5.950136363636363,0.9013181818181818,-1.1441363636363633,-0.5597699720477718
Gabon,Sub-Saharan Africa,4.758,1.036,1.164,0.404,0.356,0.032,0.052,2018,4.195025641025641,0.4428461538461539,0.5629743589743592,-0.6028228789729506
Palestinian Territories,Middle East and Northern Africa,4.743,0.642,1.217,0.602,0.266,0.086,0.076,2018,5.282736842105263,1.081157894736842,-0.5397368421052624,-0.6162769123870686
South Africa,Sub-Saharan Africa,4.724,0.94,1.41,0.33,0.516,0.103,0.056,2018,4.195025641025641,0.4428461538461539,0.5289743589743594,-0.633318688044952
Iran,Middle East and Northern Africa,4.707,1.059,0.771,0.691,0.459,0.282,0.129,2018,5.282736842105263,1.081157894736842,-0.5757368421052629,-0.6485665925809531
Ivory Coast,Sub-Saharan Africa,4.671,0.541,0.872,0.08,0.467,0.146,0.103,2018,4.195025641025641,0.4428461538461539,0.47597435897435947,-0.6808562727748367
Ghana,Sub-Saharan Africa,4.657,0.592,0.896,0.337,0.499,0.212,0.029,2018,4.195025641025641,0.4428461538461539,0.46197435897435923,-0.6934133706280141
Senegal,Sub-Saharan Africa,4.631,0.429,1.117,0.433,0.406,0.138,0.082,2018,4.195025641025641,0.4428461538461539,0.43597435897435943,-0.7167336952124858
Laos,Southeastern Asia,4.623,0.72,1.034,0.441,0.626,0.23,0.174,2018,5.313444444444444,0.8939999999999999,-0.6904444444444442,-0.7239091797000156
Tunisia,Middle East and Northern Africa,4.592,0.9,0.906,0.69,0.271,0.04,0.063,2018,5.282736842105263,1.081157894736842,-0.6907368421052631,-0.7517141820891939
Albania,Central and Eastern Europe,4.586,0.916,0.817,0.79,0.419,0.149,0.032,2018,5.463965517241379,0.9893448275862069,-0.8779655172413783,-0.7570957954548407
Sierra Leone,Sub-Saharan Africa,4.571,0.256,0.813,0.0,0.355,0.238,0.053,2018,4.195025641025641,0.4428461538461539,0.37597435897435894,-0.7705498288689596
Congo (Brazzaville),Sub-Saharan Africa,4.559,0.682,0.811,0.343,0.514,0.091,0.077,2018,4.195025641025641,0.4428461538461539,0.36397435897435937,-0.7813130556002539
Bangladesh,Southern Asia,4.5,0.532,0.85,0.579,0.58,0.153,0.144,2018,4.6038571428571435,0.6251428571428572,-0.10385714285714354,-0.8342322536957861
Sri Lanka,Southern Asia,4.471,0.918,1.314,0.672,0.585,0.307,0.05,2018,4.6038571428571435,0.6251428571428572,-0.13285714285714345,-0.8602433849630816
Iraq,Middle East and Northern Africa,4.456,1.01,0.971,0.536,0.304,0.148,0.095,2018,5.282736842105263,1.081157894736842,-0.8267368421052623,-0.8736974183771996
Mali,Sub-Saharan Africa,4.447,0.37,1.233,0.152,0.367,0.139,0.056,2018,4.195025641025641,0.4428461538461539,0.25197435897435927,-0.8817698384256709
Namibia,Sub-Saharan Africa,4.441,0.874,1.281,0.365,0.519,0.051,0.064,2018,4.195025641025641,0.4428461538461539,0.24597435897435904,-0.8871514517913185
Cambodia,Southeastern Asia,4.433,0.549,1.088,0.457,0.696,0.256,0.065,2018,5.313444444444444,0.8939999999999999,-0.8804444444444446,-0.8943269362788483
Burkina Faso,Sub-Saharan Africa,4.424,0.314,1.097,0.254,0.312,0.175,0.128,2018,4.195025641025641,0.4428461538461539,0.22897435897435958,-0.9023993563273188
Egypt,Middle East and Northern Africa,4.419,0.885,1.025,0.553,0.312,0.092,0.107,2018,5.282736842105263,1.081157894736842,-0.8637368421052631,-0.9068840341320256
Mozambique,Sub-Saharan Africa,4.417,0.198,0.902,0.173,0.531,0.206,0.158,2018,4.195025641025641,0.4428461538461539,0.22197435897435902,-0.9086779052539079
Kenya,Sub-Saharan Africa,4.41,0.493,1.048,0.454,0.504,0.352,0.055,2018,4.195025641025641,0.4428461538461539,0.21497435897435935,-0.9149564541804961
Zambia,Sub-Saharan Africa,4.377,0.562,1.047,0.295,0.503,0.221,0.082,2018,4.195025641025641,0.4428461538461539,0.18197435897435899,-0.9445553276915568
Mauritania,Sub-Saharan Africa,4.356,0.557,1.245,0.292,0.129,0.134,0.093,2018,4.195025641025641,0.4428461538461539,0.16097435897435908,-0.9633909744713224
Ethiopia,Sub-Saharan Africa,4.35,0.308,0.95,0.391,0.452,0.22,0.146,2018,4.195025641025641,0.4428461538461539,0.15497435897435885,-0.96877258783697
Georgia,Central and Eastern Europe,4.34,0.853,0.592,0.643,0.375,0.038,0.215,2018,5.463965517241379,0.9893448275862069,-1.1239655172413787,-0.977741943446382
Armenia,Central and Eastern Europe,4.321,0.816,0.99,0.666,0.26,0.077,0.028,2018,5.463965517241379,0.9893448275862069,-1.1429655172413788,-0.9947837191042653
Myanmar,Southeastern Asia,4.308,0.682,1.174,0.429,0.58,0.598,0.178,2018,5.313444444444444,0.8939999999999999,-1.0054444444444446,-1.006443881396501
Chad,Sub-Saharan Africa,4.301,0.358,0.907,0.053,0.189,0.181,0.06,2018,4.195025641025641,0.4428461538461539,0.10597435897435936,-1.0127224303230895
Congo (Kinshasa),Sub-Saharan Africa,4.245,0.069,1.136,0.204,0.312,0.197,0.052,2018,4.195025641025641,0.4428461538461539,0.04997435897435931,-1.062950821735798
India,Southern Asia,4.19,0.721,0.747,0.485,0.539,0.172,0.093,2018,4.6038571428571435,0.6251428571428572,-0.41385714285714315,-1.112282277587565
Niger,Sub-Saharan Africa,4.166,0.131,0.867,0.221,0.39,0.175,0.099,2018,4.195025641025641,0.4428461538461539,-0.029025641025640425,-1.1338087310501543
Uganda,Sub-Saharan Africa,4.161,0.322,1.09,0.237,0.45,0.259,0.061,2018,4.195025641025641,0.4428461538461539,-0.03402564102564121,-1.1382934088548613
Benin,Sub-Saharan Africa,4.141,0.378,0.372,0.24,0.44,0.163,0.067,2018,4.195025641025641,0.4428461538461539,-0.05402564102564078,-1.1562321200736854
Sudan,Sub-Saharan Africa,4.139,0.605,1.24,0.312,0.016,0.134,0.082,2018,4.195025641025641,0.4428461538461539,-0.05602564102564056,-1.1580259911955675
Ukraine,Central and Eastern Europe,4.103,0.793,1.413,0.609,0.163,0.187,0.011,2018,5.463965517241379,0.9893448275862069,-1.3609655172413788,-1.190315671389452
Togo,Sub-Saharan Africa,3.999,0.259,0.474,0.253,0.434,0.158,0.101,2018,4.195025641025641,0.4428461538461539,-0.19602564102564068,-1.2835969697273388
Guinea,Sub-Saharan Africa,3.964,0.344,0.792,0.211,0.394,0.185,0.094,2018,4.195025641025641,0.4428461538461539,-0.23102564102564083,-1.3149897143602818
Lesotho,Sub-Saharan Africa,3.808,0.472,1.215,0.079,0.423,0.116,0.112,2018,4.195025641025641,0.4428461538461539,-0.38702564102564097,-1.4549116618671127
Angola,Sub-Saharan Africa,3.795,0.73,1.125,0.269,0.0,0.079,0.061,2018,4.195025641025641,0.4428461538461539,-0.40002564102564087,-1.4665718241593486
Madagascar,Sub-Saharan Africa,3.774,0.262,0.908,0.402,0.221,0.155,0.049,2018,4.195025641025641,0.4428461538461539,-0.4210256410256408,-1.4854074709391143
Zimbabwe,Sub-Saharan Africa,3.692,0.357,1.094,0.248,0.406,0.132,0.099,2018,4.195025641025641,0.4428461538461539,-0.5030256410256406,-1.5589561869362945
Afghanistan,Southern Asia,3.632,0.332,0.537,0.255,0.085,0.191,0.036,2018,4.6038571428571435,0.6251428571428572,-0.9718571428571434,-1.6127723205927678
Botswana,Sub-Saharan Africa,3.59,1.017,1.174,0.417,0.557,0.042,0.092,2018,4.195025641025641,0.4428461538461539,-0.6050256410256409,-1.6504436141522993
Malawi,Sub-Saharan Africa,3.587,0.186,0.541,0.306,0.531,0.21,0.08,2018,4.195025641025641,0.4428461538461539,-0.6080256410256406,-1.6531344208351229
Haiti,Latin America and Caribbean,3.582,0.315,0.714,0.289,0.025,0.392,0.104,2018,5.950136363636363,0.9013181818181818,-2.3681363636363635,-1.6576190986398291
Liberia,Sub-Saharan Africa,3.495,0.076,0.858,0.267,0.419,0.206,0.03,2018,4.195025641025641,0.4428461538461539,-0.7000256410256407,-1.7356524924417154
Syria,Middle East and Northern Africa,3.462,0.689,0.382,0.539,0.088,0.376,0.144,2018,5.282736842105263,1.081157894736842,-1.8207368421052625,-1.7652513659527758
Rwanda,Sub-Saharan Africa,3.408,0.332,0.896,0.4,0.636,0.2,0.444,2018,4.195025641025641,0.4428461538461539,-0.7870256410256409,-1.813685886243602
Yemen,Middle East and Northern Africa,3.355,0.442,1.073,0.343,0.244,0.083,0.064,2018,5.282736842105263,1.081157894736842,-1.9277368421052627,-1.8612234709734867
Tanzania,Sub-Saharan Africa,3.303,0.455,0.991,0.381,0.481,0.27,0.097,2018,4.195025641025641,0.4428461538461539,-0.8920256410256409,-1.9078641201424305
South Sudan,Sub-Saharan Africa,3.254,0.337,0.608,0.177,0.112,0.224,0.106,2018,4.195025641025641,0.4428461538461539,-0.9410256410256408,-1.9518139626285502
Central African Republic,Sub-Saharan Africa,3.083,0.024,0.0,0.01,0.305,0.218,0.038,2018,4.195025641025641,0.4428461538461539,-1.1120256410256406,-2.105189943549499
Burundi,Sub-Saharan Africa,2.905,0.091,0.627,0.145,0.065,0.149,0.076,2018,4.195025641025641,0.4428461538461539,-1.290025641025641,-2.264844473397037
Finland,Western Europe,7.769,1.34,1.587,0.986,0.596,0.153,0.393,2019,6.842190476190477,1.3573333333333335,0.9268095238095233,2.0978500950210726
Denmark,Western Europe,7.6,1.383,1.573,0.996,0.592,0.252,0.41,2019,6.842190476190477,1.3573333333333335,0.7578095238095228,1.9462679852220053
Norway,Western Europe,7.554,1.488,1.582,1.028,0.603,0.271,0.341,2019,6.842190476190477,1.3573333333333335,0.7118095238095234,1.9050089494187097
Iceland,Western Europe,7.494,1.38,1.624,1.026,0.591,0.354,0.118,2019,6.842190476190477,1.3573333333333335,0.651809523809523,1.851192815762236
Netherlands,Western Europe,7.488,1.396,1.522,0.999,0.557,0.322,0.298,2019,6.842190476190477,1.3573333333333335,0.6458095238095236,1.8458112023965891
Switzerland,Western Europe,7.48,1.452,1.526,1.052,0.572,0.263,0.343,2019,6.842190476190477,1.3573333333333335,0.6378095238095236,1.8386357179090593
Sweden,Western Europe,7.343,1.387,1.487,1.009,0.574,0.267,0.373,2019,6.842190476190477,1.3573333333333335,0.5008095238095231,1.7157555460601113
New Zealand,Australia and New Zealand,7.307,1.303,1.557,1.026,0.585,0.33,0.38,2019,7.2675,1.3375,0.03950000000000031,1.6834658658662276
Canada,North America,7.278,1.365,1.505,1.039,0.584,0.285,0.308,2019,7.085,1.399,0.19299999999999962,1.6574547345989314
Austria,Western Europe,7.246,1.376,1.475,1.016,0.532,0.244,0.226,2019,6.842190476190477,1.3573333333333335,0.4038095238095236,1.6287527966488131
Australia,Australia and New Zealand,7.228,1.372,1.548,1.036,0.557,0.332,0.29,2019,7.2675,1.3375,-0.03950000000000031,1.6126079565518705
Costa Rica,Latin America and Caribbean,7.167,1.034,1.441,0.963,0.558,0.144,0.093,2019,5.954428571428572,0.9242857142857143,1.2125714285714277,1.5578948873344558
Israel,Middle East and Northern Africa,7.139,1.276,1.455,1.029,0.371,0.261,0.082,2019,5.237,1.0590526315789475,1.9020000000000001,1.532780691628102
Luxembourg,Western Europe,7.09,1.609,1.479,1.012,0.526,0.194,0.316,2019,6.842190476190477,1.3573333333333335,0.24780952380952304,1.4888308491419817
United Kingdom,Western Europe,7.054,1.333,1.538,0.996,0.45,0.348,0.278,2019,6.842190476190477,1.3573333333333335,0.21180952380952345,1.456541168948098
Ireland,Western Europe,7.021,1.499,1.553,0.999,0.516,0.298,0.31,2019,6.842190476190477,1.3573333333333335,0.17880952380952309,1.4269422954370374
Germany,Western Europe,6.985,1.373,1.454,0.987,0.495,0.261,0.265,2019,6.842190476190477,1.3573333333333335,0.1428095238095235,1.3946526152431538
Belgium,Western Europe,6.923,1.356,1.504,0.986,0.473,0.16,0.21,2019,6.842190476190477,1.3573333333333335,0.08080952380952322,1.3390426104647977
United States,North America,6.892,1.433,1.457,0.874,0.454,0.28,0.128,2019,7.085,1.399,-0.19299999999999962,1.31123760807562
Czech Republic,Central and Eastern Europe,6.852,1.269,1.487,0.92,0.457,0.046,0.036,2019,5.56151724137931,1.0210689655172414,1.2904827586206906,1.275360185637971
United Arab Emirates,Middle East and Northern Africa,6.825,1.503,1.31,0.825,0.598,0.262,0.182,2019,5.237,1.0590526315789475,1.588,1.251142925492558
Malta,Western Europe,6.726,1.3,1.52,0.999,0.564,0.375,0.151,2019,6.842190476190477,1.3573333333333335,-0.11619047619047684,1.1623463049593765
Mexico,Latin America and Caribbean,6.595,1.07,1.323,0.861,0.433,0.074,0.073,2019,5.954428571428572,0.9242857142857143,0.6405714285714277,1.0448477464760761
France,Western Europe,6.592,1.324,1.472,1.045,0.436,0.111,0.183,2019,6.842190476190477,1.3573333333333335,-0.2501904761904772,1.0421569397932524
Taiwan,Eastern Asia,6.446,1.368,1.43,0.914,0.351,0.242,0.097,2019,5.688833333333332,1.2351666666666665,0.7571666666666674,0.9112043478958339
Chile,Latin America and Caribbean,6.444,1.159,1.369,0.92,0.357,0.187,0.056,2019,5.954428571428572,0.9242857142857143,0.4895714285714279,0.9094104767739516
Guatemala,Latin America and Caribbean,6.436,0.8,1.269,0.746,0.535,0.175,0.078,2019,5.954428571428572,0.9242857142857143,0.4815714285714279,0.9022349922864219
Saudi Arabia,Middle East and Northern Africa,6.375,1.403,1.357,0.795,0.439,0.08,0.132,2019,5.237,1.0590526315789475,1.138,0.8475219230690073
Qatar,Middle East and Northern Africa,6.374,1.684,1.313,0.871,0.555,0.22,0.167,2019,5.237,1.0590526315789475,1.1369999999999996,0.8466249875080658
Spain,Western Europe,6.354,1.286,1.484,1.062,0.362,0.153,0.079,2019,6.842190476190477,1.3573333333333335,-0.48819047619047673,0.8286862762892417
Panama,Latin America and Caribbean,6.321,1.149,1.442,0.91,0.516,0.109,0.054,2019,5.954428571428572,0.9242857142857143,0.36657142857142766,0.799087402778181
Brazil,Latin America and Caribbean,6.3,1.004,1.439,0.802,0.39,0.099,0.086,2019,5.954428571428572,0.9242857142857143,0.34557142857142775,0.7802517559984153
Uruguay,Latin America and Caribbean,6.293,1.124,1.465,0.891,0.523,0.127,0.15,2019,5.954428571428572,0.9242857142857143,0.3385714285714281,0.7739732070718272
Singapore,Southeastern Asia,6.262,1.572,1.463,1.141,0.556,0.271,0.453,2019,5.273666666666667,0.9300000000000002,0.9883333333333324,0.7461682046826487
El Salvador,Latin America and Caribbean,6.253,0.794,1.242,0.789,0.43,0.093,0.074,2019,5.954428571428572,0.9242857142857143,0.29857142857142804,0.7380957846341781
Italy,Western Europe,6.223,1.294,1.488,1.039,0.231,0.158,0.03,2019,6.842190476190477,1.3573333333333335,-0.619190476190477,0.7111877178059413
Bahrain,Middle East and Northern Africa,6.199,1.362,1.368,0.871,0.536,0.255,0.11,2019,5.237,1.0590526315789475,0.9619999999999997,0.6896612643433518
Slovakia,Central and Eastern Europe,6.198,1.246,1.504,0.881,0.334,0.121,0.014,2019,5.56151724137931,1.0210689655172414,0.6364827586206907,0.6887643287824111
Trinidad and Tobago,Latin America and Caribbean,6.192,1.231,1.477,0.713,0.489,0.185,0.016,2019,5.954428571428572,0.9242857142857143,0.2375714285714281,0.6833827154167637
Poland,Central and Eastern Europe,6.182,1.206,1.438,0.884,0.483,0.117,0.05,2019,5.56151724137931,1.0210689655172414,0.6204827586206907,0.6744133598073515
Uzbekistan,Central and Eastern Europe,6.174,0.745,1.529,0.756,0.631,0.322,0.24,2019,5.56151724137931,1.0210689655172414,0.6124827586206907,0.6672378753198218
Lithuania,Central and Eastern Europe,6.149,1.238,1.515,0.818,0.291,0.043,0.042,2019,5.56151724137931,1.0210689655172414,0.5874827586206903,0.6448144862962909
Colombia,Latin America and Caribbean,6.125,0.985,1.41,0.841,0.47,0.099,0.034,2019,5.954428571428572,0.9242857142857143,0.17057142857142793,0.6232880328337015
Slovenia,Central and Eastern Europe,6.118,1.258,1.523,0.953,0.564,0.144,0.057,2019,5.56151724137931,1.0210689655172414,0.5564827586206906,0.6170094839071132
Nicaragua,Latin America and Caribbean,6.105,0.694,1.325,0.835,0.435,0.2,0.127,2019,5.954428571428572,0.9242857142857143,0.15057142857142836,0.6053493216148774
Kosovo,Central and Eastern Europe,6.1,0.882,1.232,0.758,0.489,0.262,0.006,2019,5.56151724137931,1.0210689655172414,0.53848275862069,0.6008646438101706
Argentina,Latin America and Caribbean,6.086,1.092,1.432,0.881,0.471,0.066,0.05,2019,5.954428571428572,0.9242857142857143,0.13157142857142823,0.5883075459569941
Romania,Central and Eastern Europe,6.07,1.162,1.232,0.825,0.462,0.083,0.005,2019,5.56151724137931,1.0210689655172414,0.5084827586206906,0.5739565769819345
Cyprus,Western Europe,6.046,1.263,1.223,1.042,0.406,0.19,0.041,2019,6.842190476190477,1.3573333333333335,-0.7961904761904766,0.5524301235193451
Ecuador,Latin America and Caribbean,6.028,0.912,1.312,0.868,0.498,0.126,0.087,2019,5.954428571428572,0.9242857142857143,0.07357142857142751,0.5362852834224024
Kuwait,Middle East and Northern Africa,6.021,1.5,1.319,0.808,0.493,0.142,0.097,2019,5.237,1.0590526315789475,0.7839999999999998,0.5300067344958141
Thailand,Southeastern Asia,6.008,1.05,1.409,0.828,0.557,0.359,0.028,2019,5.273666666666667,0.9300000000000002,0.7343333333333328,0.5183465722035784
Latvia,Central and Eastern Europe,5.94,1.187,1.465,0.812,0.264,0.075,0.064,2019,5.56151724137931,1.0210689655172414,0.3784827586206907,0.45735495405957555
South Korea,Eastern Asia,5.895,1.301,1.219,1.036,0.159,0.175,0.056,2019,5.688833333333332,1.2351666666666665,0.20616666666666728,0.4169928538172198
Estonia,Central and Eastern Europe,5.893,1.237,1.528,0.874,0.495,0.103,0.161,2019,5.56151724137931,1.0210689655172414,0.3314827586206901,0.41519898269533756
Jamaica,Latin America and Caribbean,5.89,0.831,1.478,0.831,0.49,0.107,0.028,2019,5.954428571428572,0.9242857142857143,-0.06442857142857239,0.41250817601251377
Mauritius,Sub-Saharan Africa,5.888,1.12,1.402,0.798,0.498,0.215,0.06,2019,4.300050000000001,0.44375,1.5879499999999993,0.4107143048906315
Japan,Eastern Asia,5.886,1.327,1.419,1.088,0.445,0.069,0.14,2019,5.688833333333332,1.2351666666666665,0.19716666666666782,0.40892043376874926
Honduras,Latin America and Caribbean,5.86,0.642,1.236,0.828,0.507,0.246,0.078,2019,5.954428571428572,0.9242857142857143,-0.09442857142857175,0.3856001091842776
Kazakhstan,Central and Eastern Europe,5.809,1.173,1.508,0.729,0.41,0.146,0.096,2019,5.56151724137931,1.0210689655172414,0.24748275862069047,0.3398563955762751
Bolivia,Latin America and Caribbean,5.779,0.776,1.209,0.706,0.511,0.137,0.064,2019,5.954428571428572,0.9242857142857143,-0.17542857142857216,0.3129483287480382
Hungary,Central and Eastern Europe,5.758,1.201,1.41,0.828,0.199,0.081,0.02,2019,5.56151724137931,1.0210689655172414,0.1964827586206903,0.2941126819682726
Paraguay,Latin America and Caribbean,5.743,0.855,1.475,0.777,0.514,0.184,0.08,2019,5.954428571428572,0.9242857142857143,-0.21142857142857174,0.2806586485541545
North Cyprus,Western Europe,5.718,1.263,1.252,1.042,0.417,0.191,0.162,2019,6.842190476190477,1.3573333333333335,-1.1241904761904769,0.25823525953062365
Peru,Latin America and Caribbean,5.697,0.96,1.274,0.854,0.455,0.083,0.027,2019,5.954428571428572,0.9242857142857143,-0.257428571428572,0.23939961275085803
Portugal,Western Europe,5.693,1.221,1.431,0.999,0.508,0.047,0.025,2019,6.842190476190477,1.3573333333333335,-1.1491904761904772,0.23581187050709274
Pakistan,Southern Asia,5.653,0.677,0.886,0.535,0.313,0.22,0.098,2019,4.526857142857143,0.6502857142857142,1.126142857142857,0.19993444806944377
Russia,Central and Eastern Europe,5.648,1.183,1.452,0.726,0.334,0.082,0.031,2019,5.56151724137931,1.0210689655172414,0.08648275862068999,0.19544977026473775
Philippines,Southeastern Asia,5.631,0.807,1.293,0.657,0.558,0.117,0.107,2019,5.273666666666667,0.9300000000000002,0.35733333333333306,0.18020186572873745
Serbia,Central and Eastern Europe,5.603,1.004,1.383,0.854,0.282,0.137,0.039,2019,5.56151724137931,1.0210689655172414,0.04148275862069006,0.15508767002238277
Moldova,Central and Eastern Europe,5.529,0.685,1.328,0.739,0.245,0.181,0.0,2019,5.56151724137931,1.0210689655172414,-0.03251724137930978,0.0887144385127324
Libya,Middle East and Northern Africa,5.525,1.044,1.303,0.673,0.416,0.133,0.152,2019,5.237,1.0590526315789475,0.28800000000000026,0.0851266962689679
Montenegro,Central and Eastern Europe,5.523,1.051,1.361,0.871,0.197,0.142,0.08,2019,5.56151724137931,1.0210689655172414,-0.03851724137931001,0.08333282514708486
Tajikistan,Central and Eastern Europe,5.467,0.493,1.098,0.718,0.389,0.23,0.144,2019,5.56151724137931,1.0210689655172414,-0.09451724137931006,0.03310443373437632
Croatia,Central and Eastern Europe,5.432,1.155,1.266,0.914,0.296,0.119,0.022,2019,5.56151724137931,1.0210689655172414,-0.1295172413793093,0.0017116891014341748
Hong Kong,Eastern Asia,5.43,1.438,1.277,1.122,0.44,0.258,0.287,2019,5.688833333333332,1.2351666666666665,-0.2588333333333326,-8.218202044887069e-05
Dominican Republic,Latin America and Caribbean,5.425,1.015,1.401,0.779,0.497,0.113,0.101,2019,5.954428571428572,0.9242857142857143,-0.5294285714285722,-0.004566859825154891
Bosnia and Herzegovina,Central and Eastern Europe,5.386,0.945,1.212,0.845,0.212,0.263,0.006,2019,5.56151724137931,1.0210689655172414,-0.17551724137930957,-0.03954734670186233
Turkey,Middle East and Northern Africa,5.373,1.183,1.36,0.808,0.195,0.083,0.106,2019,5.237,1.0590526315789475,0.13600000000000012,-0.05120750899409814
Malaysia,Southeastern Asia,5.339,1.221,1.171,0.828,0.508,0.26,0.024,2019,5.273666666666667,0.9300000000000002,0.06533333333333324,-0.08170331806609955
Belarus,Central and Eastern Europe,5.323,1.067,1.465,0.789,0.235,0.094,0.142,2019,5.56151724137931,1.0210689655172414,-0.2385172413793093,-0.09605428704115913
Greece,Western Europe,5.287,1.181,1.156,0.999,0.067,0.0,0.034,2019,6.842190476190477,1.3573333333333335,-1.555190476190477,-0.1283439672350436
Mongolia,Eastern Asia,5.285,0.948,1.531,0.667,0.317,0.235,0.038,2019,5.688833333333332,1.2351666666666665,-0.40383333333333216,-0.13013783835692586
North Macedonia,Central and Eastern Europe,5.274,0.983,1.294,0.838,0.345,0.185,0.034,2019,5.56151724137931,1.0210689655172414,-0.2875172413793097,-0.14000412952727942
Nigeria,Sub-Saharan Africa,5.265,0.696,1.111,0.245,0.426,0.215,0.041,2019,4.300050000000001,0.44375,0.9649499999999991,-0.14807654957575073
Kyrgyzstan,Central and Eastern Europe,5.261,0.551,1.438,0.723,0.508,0.3,0.023,2019,5.56151724137931,1.0210689655172414,-0.3005172413793096,-0.1516642918195152
Turkmenistan,Central and Eastern Europe,5.247,1.052,1.538,0.657,0.394,0.244,0.028,2019,5.56151724137931,1.0210689655172414,-0.3145172413793098,-0.16422138967269256
Algeria,Middle East and Northern Africa,5.211,1.002,1.16,0.785,0.086,0.073,0.114,2019,5.237,1.0590526315789475,-0.0259999999999998,-0.19651106986657624
Morocco,Middle East and Northern Africa,5.208,0.801,0.782,0.782,0.418,0.036,0.076,2019,5.237,1.0590526315789475,-0.028999999999999915,-0.1992018765494
Azerbaijan,Central and Eastern Europe,5.208,1.043,1.147,0.769,0.351,0.035,0.182,2019,5.56151724137931,1.0210689655172414,-0.3535172413793095,-0.1992018765494
Lebanon,Middle East and Northern Africa,5.197,0.987,1.224,0.815,0.216,0.166,0.027,2019,5.237,1.0590526315789475,-0.040000000000000036,-0.20906816771975356
Indonesia,Southeastern Asia,5.192,0.931,1.203,0.66,0.491,0.498,0.028,2019,5.273666666666667,0.9300000000000002,-0.081666666666667,-0.21355284552445958
China,Eastern Asia,5.191,1.029,1.125,0.893,0.521,0.058,0.1,2019,5.688833333333332,1.2351666666666665,-0.49783333333333246,-0.2144497810854011
Vietnam,Southeastern Asia,5.175,0.741,1.346,0.851,0.543,0.147,0.073,2019,5.273666666666667,0.9300000000000002,-0.09866666666666735,-0.2288007500604607
Bhutan,Southern Asia,5.082,0.813,1.321,0.604,0.457,0.37,0.167,2019,4.526857142857143,0.6502857142857142,0.5551428571428572,-0.31221575722799444
Cameroon,Sub-Saharan Africa,5.044,0.549,0.91,0.331,0.381,0.187,0.037,2019,4.300050000000001,0.44375,0.743949999999999,-0.3462993085437611
Bulgaria,Central and Eastern Europe,5.011,1.092,1.513,0.815,0.311,0.081,0.004,2019,5.56151724137931,1.0210689655172414,-0.5505172413793096,-0.375898182054821
Ghana,Sub-Saharan Africa,4.996,0.611,0.868,0.486,0.381,0.245,0.04,2019,4.300050000000001,0.44375,0.6959499999999998,-0.38935221546893906
Ivory Coast,Sub-Saharan Africa,4.944,0.569,0.808,0.232,0.352,0.154,0.09,2019,4.300050000000001,0.44375,0.6439499999999994,-0.4359928646378831
Nepal,Southern Asia,4.913,0.446,1.226,0.677,0.439,0.285,0.089,2019,4.526857142857143,0.6502857142857142,0.38614285714285757,-0.4637978670270608
Jordan,Middle East and Northern Africa,4.906,0.837,1.225,0.815,0.383,0.11,0.13,2019,5.237,1.0590526315789475,-0.3310000000000004,-0.47007641595364985
Benin,Sub-Saharan Africa,4.883,0.393,0.437,0.397,0.349,0.175,0.082,2019,4.300050000000001,0.44375,0.5829499999999994,-0.4907059338552977
Congo (Brazzaville),Sub-Saharan Africa,4.812,0.673,0.799,0.508,0.372,0.105,0.093,2019,4.300050000000001,0.44375,0.5119499999999997,-0.5543883586821243
Gabon,Sub-Saharan Africa,4.799,1.057,1.183,0.571,0.295,0.043,0.055,2019,4.300050000000001,0.44375,0.4989499999999998,-0.5660485209743601
Laos,Southeastern Asia,4.796,0.764,1.03,0.551,0.547,0.266,0.164,2019,5.273666666666667,0.9300000000000002,-0.4776666666666669,-0.5687393276571838
South Africa,Sub-Saharan Africa,4.722,0.96,1.351,0.469,0.389,0.13,0.055,2019,4.300050000000001,0.44375,0.4219499999999998,-0.6351125591668343
Albania,Central and Eastern Europe,4.719,0.947,0.848,0.874,0.383,0.178,0.027,2019,5.56151724137931,1.0210689655172414,-0.8425172413793094,-0.637803365849658
Venezuela,Latin America and Caribbean,4.707,0.96,1.427,0.805,0.154,0.064,0.047,2019,5.954428571428572,0.9242857142857143,-1.2474285714285722,-0.6485665925809531
Cambodia,Southeastern Asia,4.7,0.574,1.122,0.637,0.609,0.232,0.062,2019,5.273666666666667,0.9300000000000002,-0.573666666666667,-0.6548451415075414
Palestinian Territories,Middle East and Northern Africa,4.696,0.657,1.247,0.672,0.225,0.103,0.066,2019,5.237,1.0590526315789475,-0.5410000000000004,-0.6584328837513067
Senegal,Sub-Saharan Africa,4.681,0.45,1.134,0.571,0.292,0.153,0.072,2019,4.300050000000001,0.44375,0.38094999999999946,-0.6718869171654247
Somalia,Sub-Saharan Africa,4.668,0.0,0.698,0.268,0.559,0.243,0.27,2019,4.300050000000001,0.44375,0.36794999999999956,-0.6835470794576606
Namibia,Sub-Saharan Africa,4.639,0.879,1.313,0.477,0.401,0.07,0.056,2019,4.300050000000001,0.44375,0.33894999999999964,-0.709558210724956
Niger,Sub-Saharan Africa,4.628,0.138,0.774,0.366,0.318,0.188,0.102,2019,4.300050000000001,0.44375,0.3279499999999995,-0.7194245018953095
Burkina Faso,Sub-Saharan Africa,4.587,0.331,1.056,0.38,0.255,0.177,0.113,2019,4.300050000000001,0.44375,0.28694999999999915,-0.7561988598939
Armenia,Central and Eastern Europe,4.559,0.85,1.055,0.815,0.283,0.095,0.064,2019,5.56151724137931,1.0210689655172414,-1.0025172413793095,-0.7813130556002539
Iran,Middle East and Northern Africa,4.548,1.1,0.842,0.785,0.305,0.27,0.125,2019,5.237,1.0590526315789475,-0.6890000000000001,-0.7911793467706074
Guinea,Sub-Saharan Africa,4.534,0.38,0.829,0.375,0.332,0.207,0.086,2019,4.300050000000001,0.44375,0.23394999999999921,-0.8037364446237848
Georgia,Central and Eastern Europe,4.519,0.886,0.666,0.752,0.346,0.043,0.164,2019,5.56151724137931,1.0210689655172414,-1.0425172413793096,-0.8171904780379028
Gambia,Sub-Saharan Africa,4.516,0.308,0.939,0.428,0.382,0.269,0.167,2019,4.300050000000001,0.44375,0.21594999999999942,-0.8198812847207266
Kenya,Sub-Saharan Africa,4.509,0.512,0.983,0.581,0.431,0.372,0.053,2019,4.300050000000001,0.44375,0.20894999999999975,-0.8261598336473148
Mauritania,Sub-Saharan Africa,4.49,0.57,1.167,0.489,0.066,0.106,0.088,2019,4.300050000000001,0.44375,0.18994999999999962,-0.8432016093051982
Mozambique,Sub-Saharan Africa,4.466,0.204,0.986,0.39,0.494,0.197,0.138,2019,4.300050000000001,0.44375,0.1659499999999996,-0.8647280627677876
Tunisia,Middle East and Northern Africa,4.461,0.921,1.0,0.815,0.167,0.059,0.055,2019,5.237,1.0590526315789475,-0.7759999999999998,-0.8692127405724936
Bangladesh,Southern Asia,4.456,0.562,0.928,0.723,0.527,0.166,0.143,2019,4.526857142857143,0.6502857142857142,-0.07085714285714229,-0.8736974183771996
Iraq,Middle East and Northern Africa,4.437,1.043,0.98,0.574,0.241,0.148,0.089,2019,5.237,1.0590526315789475,-0.7999999999999998,-0.890739194035083
Congo (Kinshasa),Sub-Saharan Africa,4.418,0.094,1.125,0.357,0.269,0.212,0.053,2019,4.300050000000001,0.44375,0.11794999999999956,-0.9077809696929663
Mali,Sub-Saharan Africa,4.39,0.385,1.105,0.308,0.327,0.153,0.052,2019,4.300050000000001,0.44375,0.08994999999999909,-0.932895165399321
Sierra Leone,Sub-Saharan Africa,4.374,0.268,0.841,0.242,0.309,0.252,0.045,2019,4.300050000000001,0.44375,0.07394999999999907,-0.9472461343743805
Sri Lanka,Southern Asia,4.366,0.949,1.265,0.831,0.47,0.244,0.047,2019,4.526857142857143,0.6502857142857142,-0.16085714285714303,-0.9544216188619103
Myanmar,Southeastern Asia,4.36,0.71,1.181,0.555,0.525,0.566,0.172,2019,5.273666666666667,0.9300000000000002,-0.9136666666666668,-0.9598032322275571
Chad,Sub-Saharan Africa,4.35,0.35,0.766,0.192,0.174,0.198,0.078,2019,4.300050000000001,0.44375,0.04994999999999905,-0.96877258783697
Ukraine,Central and Eastern Europe,4.332,0.82,1.39,0.739,0.178,0.187,0.01,2019,5.56151724137931,1.0210689655172414,-1.2295172413793098,-0.9849174279339118
Ethiopia,Sub-Saharan Africa,4.286,0.336,1.033,0.532,0.344,0.209,0.1,2019,4.300050000000001,0.44375,-0.014050000000001006,-1.0261764637372084
Swaziland,Sub-Saharan Africa,4.212,0.811,1.149,0.0,0.313,0.074,0.135,2019,4.300050000000001,0.44375,-0.08805000000000085,-1.0925496952468587
Uganda,Sub-Saharan Africa,4.189,0.332,1.069,0.443,0.356,0.252,0.06,2019,4.300050000000001,0.44375,-0.11105000000000054,-1.1131792131485065
Egypt,Middle East and Northern Africa,4.166,0.913,1.039,0.644,0.241,0.076,0.067,2019,5.237,1.0590526315789475,-1.0709999999999997,-1.1338087310501543
Zambia,Sub-Saharan Africa,4.107,0.578,1.058,0.426,0.431,0.247,0.087,2019,4.300050000000001,0.44375,-0.1930500000000004,-1.1867279291456867
Togo,Sub-Saharan Africa,4.085,0.275,0.572,0.41,0.293,0.177,0.085,2019,4.300050000000001,0.44375,-0.21505000000000063,-1.2064605114863938
India,Southern Asia,4.015,0.755,0.765,0.588,0.498,0.2,0.085,2019,4.526857142857143,0.6502857142857142,-0.511857142857143,-1.2692460007522797
Liberia,Sub-Saharan Africa,3.975,0.073,0.922,0.443,0.37,0.233,0.033,2019,4.300050000000001,0.44375,-0.3250500000000005,-1.3051234231899282
Comoros,Sub-Saharan Africa,3.973,0.274,0.757,0.505,0.142,0.275,0.078,2019,4.300050000000001,0.44375,-0.32705000000000073,-1.3069172943118108
Madagascar,Sub-Saharan Africa,3.933,0.274,0.916,0.555,0.148,0.169,0.041,2019,4.300050000000001,0.44375,-0.36705000000000076,-1.3427947167494598
Lesotho,Sub-Saharan Africa,3.802,0.489,1.169,0.168,0.359,0.107,0.093,2019,4.300050000000001,0.44375,-0.49805000000000055,-1.46029327523276
Burundi,Sub-Saharan Africa,3.775,0.046,0.447,0.38,0.22,0.176,0.18,2019,4.300050000000001,0.44375,-0.5250500000000007,-1.4845105353781731
Zimbabwe,Sub-Saharan Africa,3.663,0.366,1.114,0.433,0.361,0.151,0.089,2019,4.300050000000001,0.44375,-0.6370500000000008,-1.5849673182035902
Haiti,Latin America and Caribbean,3.597,0.323,0.688,0.449,0.026,0.419,0.11,2019,5.954428571428572,0.9242857142857143,-2.357428571428572,-1.6441650652257107
Botswana,Sub-Saharan Africa,3.488,1.041,1.145,0.538,0.455,0.025,0.1,2019,4.300050000000001,0.44375,-0.8120500000000006,-1.741931041368304
Syria,Middle East and Northern Africa,3.462,0.619,0.378,0.44,0.013,0.331,0.141,2019,5.237,1.0590526315789475,-1.775,-1.7652513659527758
Malawi,Sub-Saharan Africa,3.41,0.191,0.56,0.495,0.443,0.218,0.089,2019,4.300050000000001,0.44375,-0.8900500000000005,-1.8118920151217193
Yemen,Middle East and Northern Africa,3.38,0.287,1.163,0.463,0.143,0.108,0.077,2019,5.237,1.0590526315789475,-1.8570000000000002,-1.8388000819499561
Rwanda,Sub-Saharan Africa,3.334,0.359,0.711,0.614,0.555,0.217,0.411,2019,4.300050000000001,0.44375,-0.9660500000000005,-1.8800591177532524
Tanzania,Sub-Saharan Africa,3.231,0.476,0.885,0.499,0.417,0.276,0.147,2019,4.300050000000001,0.44375,-1.0690500000000007,-1.9724434805301985
Afghanistan,Southern Asia,3.203,0.35,0.517,0.361,0.0,0.158,0.025,2019,4.526857142857143,0.6502857142857142,-1.3238571428571428,-1.9975576762365528
Central African Republic,Sub-Saharan Africa,3.083,0.026,0.0,0.105,0.225,0.235,0.035,2019,4.300050000000001,0.44375,-1.2170500000000004,-2.105189943549499
South Sudan,Sub-Saharan Africa,2.853,0.306,0.575,0.295,0.01,0.202,0.091,2019,4.300050000000001,0.44375,-1.4470500000000004,-2.3114851225659807
Finland,Western Europe,7.808700085,,0.954329729,71.9008255,0.949172199,-0.059482019,0.195444584,2020,6.899219036142857,,0.9094810488571428,2.1334585130299617
Denmark,Western Europe,7.645599842,,0.955990791,72.40250397,0.951444268,0.066201776,0.168489456,2020,6.899219036142857,,0.7463808058571431,1.987168105085107
Switzerland,Western Europe,7.559899807,,0.942846596,74.10244751,0.921336651,0.105911039,0.303728431,2020,6.899219036142857,,0.6606807708571427,1.9103006961196993
Iceland,Western Europe,7.504499912,,0.974669576,73.0,0.948891878,0.246944219,0.711709738,2020,6.899219036142857,,0.6052808758571429,1.8606105602217895
Norway,Western Europe,7.487999916,,0.952486575,73.20078278,0.955750287,0.13453263,0.263218194,2020,6.899219036142857,,0.5887808798571426,1.8458111270540014
Netherlands,Western Europe,7.448900223,,0.93913883,72.30091858,0.908547819,0.20761244,0.364717126,2020,6.899219036142857,,0.5496811868571427,1.8107412219804169
Sweden,Western Europe,7.353499889,,0.926311195,72.60076904,0.939144194,0.111614622,0.250880182,2020,6.899219036142857,,0.4542808528571429,1.725173269890147
New Zealand,North America and ANZ,7.299600124,,0.949118972,73.20262909,0.936217487,0.191598073,0.22113885,2020,7.17352497575,,0.12607514825,1.6768286539352721
Austria,Western Europe,7.294199944,,0.928045869,73.00250244,0.899989486,0.085429221,0.499954879,2020,6.899219036142857,,0.3949809078571427,1.671985040457788
Luxembourg,Western Europe,7.237500191,,0.906912208,72.59999847,0.90563643,-0.004620588,0.367084295,2020,6.899219036142857,,0.3382811548571425,1.621129015695504
Canada,North America and ANZ,7.23210001,,0.927176654,73.60160065,0.933913231,0.124770768,0.390843362,2020,7.17352497575,,0.05857503424999955,1.6162854013210852
Australia,North America and ANZ,7.222799778,,0.944854617,73.60453796,0.915431738,0.19046016,0.41516912,2020,7.17352497575,,0.04927480224999936,1.6079436925152815
United Kingdom,Western Europe,7.164500237,,0.93668282,72.30160522,0.834743679,0.263732493,0.435915917,2020,6.899219036142857,,0.26528120085714324,1.5556527610058313
Israel,Middle East and North Africa,7.128600121,,0.913571239,73.20025635,0.747580588,0.10259372,0.78085506,2020,5.227158855058824,,1.901441265941176,1.5234526703235158
Costa Rica,Latin America and Caribbean,7.121399879,,0.901545942,71.29985046,0.934738934,-0.10242971,0.786332428,2020,5.981785706095239,,1.1396141729047615,1.5169945172263335
Ireland,Western Europe,7.093699932,,0.942081571,72.30078888,0.886982977,0.145784974,0.357184172,2020,6.899219036142857,,0.19448089585714268,1.492149449725846
Germany,Western Europe,7.075799942,,0.898874462,72.20201874,0.867371082,0.080179386,0.456422031,2020,6.899219036142857,,0.1765809058571426,1.4760943121543537
United States,North America and ANZ,6.939599991,,0.914219022,68.29949951,0.842619538,0.149891734,0.699715316,2020,7.17352497575,,-0.23392498475000068,1.3539317327040015
Czech Republic,Central and Eastern Europe,6.910900116,,0.914430678,70.04793549,0.818537354,-0.230861515,0.85844624,2020,5.883817672705882,,1.027082443294118,1.3281897942219336
Belgium,Western Europe,6.863500118,,0.911632538,72.00164795,0.813582063,-0.078691199,0.612297952,2020,6.899219036142857,,-0.03571891814285699,1.2856750504271912
United Arab Emirates,Middle East and North Africa,6.790800095,,0.849181116,67.08278656,0.941345513,0.123450845,0.594502211,2020,5.227158855058824,,1.5636412399411759,1.220467814517246
Malta,Western Europe,6.772799969,,0.93037951,72.19999695,0.924911439,0.214965805,0.658547282,2020,6.899219036142857,,-0.1264190671428569,1.2043228614064236
France,Western Europe,6.663799763,,0.937103748,73.80193329,0.825467646,-0.130641967,0.583521128,2020,6.899219036142857,,-0.23541927314285704,1.1065567004951047
Mexico,Latin America and Caribbean,6.465000153,,0.838665426,68.29902649,0.858709276,-0.175266623,0.806821585,2020,5.981785706095239,,0.48321444690476145,0.9282462607848583
Taiwan Province of China,East Asia,6.45539999,,0.894309103,69.59999847,0.77153033,-0.073198698,0.73188293,2020,5.714849948833333,,0.7405500411666672,0.9196355331993261
Uruguay,Latin America and Caribbean,6.440100193,,0.92281127,69.00254822,0.892395437,-0.101103112,0.635994136,2020,5.981785706095239,,0.4583144869047615,0.9059126011948443
Saudi Arabia,Middle East and North Africa,6.406499863,,0.874067068,66.30514526,0.854191244,-0.168695062,0.682619512,2020,5.227158855058824,,1.1793410079411757,0.8757752703584837
Spain,Western Europe,6.400899887,,0.921125412,74.40270996,0.751989543,-0.050961714,0.765859902,2020,6.899219036142857,,-0.4983191491428576,0.8707524527436662
Guatemala,Latin America and Caribbean,6.398900032,,0.816621482,64.8089447,0.908147573,-0.042938665,0.783237457,2020,5.981785706095239,,0.4171143259047616,0.8689587116774407
Italy,Western Europe,6.38740015,,0.889878571,73.60168457,0.66465199,-0.043460999,0.873404682,2020,6.899219036142857,,-0.5118188861428568,0.8586440585650129
Singapore,Southeast Asia,6.377099991,,0.910268962,76.80458069,0.926645339,0.029879224,0.109784193,2020,5.383366690777778,,0.993733300222222,0.8494054796745635
Brazil,Latin America and Caribbean,6.375599861,,0.896723807,66.48016357,0.799804807,-0.101812392,0.770601273,2020,5.981785706095239,,0.3938141549047618,0.8480599597315295
Slovenia,Central and Eastern Europe,6.363399982,,0.939575672,71.1029892,0.936142623,-0.080603383,0.817071021,2020,5.883817672705882,,0.47958230929411805,0.8371174544172488
El Salvador,Latin America and Caribbean,6.34829998,,0.806092262,66.10826111,0.833805263,-0.121072978,0.754319906,2020,5.981785706095239,,0.36651427390476154,0.8235737256531656
Kosovo,Central and Eastern Europe,6.325200081,,0.820726514,63.88555527,0.861535907,0.190933764,0.922328293,2020,5.883817672705882,,0.44138240829411846,0.802854604785915
Panama,Latin America and Caribbean,6.304800034,,0.902094483,69.60301208,0.880366504,-0.153927714,0.851588905,2020,5.981785706095239,,0.3230143279047617,0.7845570771867428
Slovakia,Central and Eastern Europe,6.280600071,,0.922493756,68.90634155,0.749952674,-0.124409303,0.918096125,2020,5.883817672705882,,0.39678239829411854,0.7628512697985809
Uzbekistan,Commonwealth of Independent States,6.257599831,,0.926595807,65.10757446,0.974998116,0.248427153,0.501497388,2020,5.358341614416666,,0.899258216583334,0.7422215366323981
Chile,Latin America and Caribbean,6.228499889,,0.879713595,69.90061951,0.744896293,-0.065668367,0.838239431,2020,5.981785706095239,,0.24671418290476144,0.7161207638312709
Bahrain,Middle East and North Africa,6.227300167,,0.876342118,68.5,0.905855775,0.13372919,0.7393471,2020,5.227158855058824,,1.0001413119411762,0.7150446905062274
Lithuania,Central and Eastern Europe,6.215499878,,0.926107109,67.29407501,0.747381449,-0.219725296,0.809583843,2020,5.883817672705882,,0.3316822052941184,0.7044605916727439
Trinidad and Tobago,Latin America and Caribbean,6.191899776,,0.91529417,63.5,0.857907116,0.000526841,0.912230611,2020,5.981785706095239,,0.210114069904761,0.6832928209471033
Poland,Central and Eastern Europe,6.186299801,,0.874257445,69.31113434,0.862055779,-0.205084071,0.686927021,2020,5.883817672705882,,0.3024821282941179,0.6782700042292216
Colombia,Latin America and Caribbean,6.163400173,,0.884440243,67.69958496,0.836179912,-0.161235645,0.86457181,2020,5.981785706095239,,0.18161446690476168,0.6577305135436968
Cyprus,Western Europe,6.15899992,,0.805996239,73.70222473,0.779858291,0.043731496,0.856271744,2020,6.899219036142857,,-0.7402191161428568,0.6537837701508584
Nicaragua,Latin America and Caribbean,6.13710022,,0.857497036,67.50717926,0.863902867,0.020959141,0.665950119,2020,5.981785706095239,,0.15531451390476114,0.6341411504469135
Romania,Central and Eastern Europe,6.123700142,,0.825161517,67.20723724,0.842823207,-0.19781521,0.934300244,2020,5.883817672705882,,0.23988246929411794,0.6221221439693273
Kuwait,Middle East and North Africa,6.102099895,,0.846475244,66.76764679,0.872366488,-0.100184701,0.760849059,2020,5.227158855058824,,0.8749410399411763,0.6027481143099138
Mauritius,Sub-Saharan Africa,6.101299763,,0.910357833,66.40434265,0.889534533,-0.018318573,0.805343091,2020,4.383494866205128,,1.7178048967948722,0.6020304474656667
Kazakhstan,Commonwealth of Independent States,6.057899952,,0.934744895,64.60996246,0.811601937,-0.068488635,0.764490843,2020,5.358341614416666,,0.6995583375833334,0.5631036136416382
Estonia,Central and Eastern Europe,6.021800041,,0.934729993,68.60495758,0.87770915,-0.111697771,0.623073816,2020,5.883817672705882,,0.13798236829411792,0.530724319718925
Philippines,Southeast Asia,6.006000042,,0.846730053,61.92676163,0.915463448,-0.105463006,0.733634114,2020,5.383366690777778,,0.6226333512222224,0.5165527387529897
Hungary,Central and Eastern Europe,6.000400066,,0.921934128,67.60997009,0.718964577,-0.194323018,0.892916501,2020,5.883817672705882,,0.11658239329411835,0.5115299211381722
Thailand,Southeast Asia,5.998799801,,0.889973223,67.25059509,0.905063033,0.268685192,0.886272311,2020,5.383366690777778,,0.6154331102222219,0.5100945865527422
Argentina,Latin America and Caribbean,5.974699974,,0.900567949,68.80380249,0.831132412,-0.194913864,0.842009842,2020,5.981785706095239,,-0.0070857320952386615,0.48847859470391103
Honduras,Latin America and Caribbean,5.953199863,,0.821870148,67.19876862,0.870603263,0.086969115,0.801131904,2020,5.981785706095239,,-0.028585843095238594,0.46919438058382756
Latvia,Central and Eastern Europe,5.949999809,,0.918288589,66.8074646,0.671237648,-0.186888844,0.795580089,2020,5.883817672705882,,0.06618213629411862,0.46632413835429565
Ecuador,Latin America and Caribbean,5.925199986,,0.836418986,68.50003815,0.859828949,-0.127014965,0.801215112,2020,5.981785706095239,,-0.056585720095238656,0.4440802952005472
Portugal,Western Europe,5.910900116,,0.886590719,72.40202332,0.888747811,-0.220714301,0.892629504,2020,6.899219036142857,,-0.9883189201428575,0.4312542332807104
Jamaica,Latin America and Caribbean,5.889800072,,0.915701866,67.09999847,0.858068526,-0.125106767,0.888890028,2020,5.981785706095239,,-0.09198563409523874,0.41232885347968606
South Korea,East Asia,5.872399807,,0.799387157,73.6027298,0.612965107,-0.043404032,0.789067447,2020,5.714849948833333,,0.157549858166667,0.39672193703138514
Japan,East Asia,5.870800018,,0.883545935,75.00096893,0.809961379,-0.246910349,0.654558063,2020,5.714849948833333,,0.15595006916666687,0.39528702938728244
Peru,Latin America and Caribbean,5.796800137,,0.831075251,68.10023499,0.824766099,-0.16238822,0.893714964,2020,5.981785706095239,,-0.18498556909523867,0.3289139046129639
Serbia,Central and Eastern Europe,5.77820015,,0.881475747,68.21020508,0.726495862,-0.073676221,0.843509018,2020,5.883817672705882,,-0.10561752270588176,0.3122309148396194
Bolivia,Latin America and Caribbean,5.747499943,,0.803108692,63.6004715,0.875873327,-0.09168113,0.822606206,2020,5.981785706095239,,-0.2342857630952384,0.28469480745306297
Pakistan,South Asia,5.69329977,,0.689062297,58.25313568,0.734833717,0.04489987,0.745705426,2020,4.4754427841428575,,1.2178569858571429,0.2360807448801967
Paraguay,Latin America and Caribbean,5.692100048,,0.898727894,65.63993835,0.885923445,0.007997713,0.834788501,2020,5.981785706095239,,-0.2896856580952383,0.23500467155515323
Dominican Republic,Latin America and Caribbean,5.689199924,,0.882085383,65.80748749,0.866202772,-0.131263286,0.755999923,2020,5.981785706095239,,-0.2925857820952382,0.23240344720841416
Bosnia and Herzegovina,Central and Eastern Europe,5.674099922,,0.829204142,67.80813599,0.651352704,0.098274559,0.933769107,2020,5.883817672705882,,-0.20971775070588183,0.21885971844433014
Moldova,Commonwealth of Independent States,5.607500076,,0.843313575,65.01301575,0.721609175,-0.037741039,0.913314283,2020,5.358341614416666,,0.24915846158333377,0.15912394821372114
Tajikistan,Commonwealth of Independent States,5.555699825,,0.835297108,64.10459137,0.831383407,-0.025088511,0.592076063,2020,5.358341614416666,,0.19735821058333336,0.11266246102613961
Montenegro,Central and Eastern Europe,5.54610014,,0.855314612,68.50534821,0.649565637,-0.075600356,0.783121586,2020,5.883817672705882,,-0.3377175327058817,0.10405216217580598
Russia,Commonwealth of Independent States,5.546000004,,0.903150737,64.10045624,0.729892612,-0.151153743,0.864802599,2020,5.358341614416666,,0.18765838958333347,0.10396234663647526
Kyrgyzstan,Commonwealth of Independent States,5.541500092,,0.887228489,64.10601044,0.909374893,0.154772058,0.888396084,2020,5.358341614416666,,0.18315847758333348,0.09992621554256911
Belarus,Commonwealth of Independent States,5.539899826,,0.90674746,66.10433197,0.639163077,-0.164926544,0.63571167,2020,5.358341614416666,,0.18155821158333385,0.09849088006020429
North Cyprus,Western Europe,5.53550005,,0.820356607,73.70222473,0.79529351,0.000227159,0.62611568,2020,6.899219036142857,,-1.3637189861428576,0.09454456450562808
Greece,Western Europe,5.514999866,,0.814380348,72.40525818,0.541345119,-0.300907373,0.859931409,2020,6.899219036142857,,-1.384219170142857,0.07615722047019031
Hong Kong S.A.R. of China,East Asia,5.510399818,,0.845969081,76.77170563,0.779833794,0.134979904,0.420607209,2020,5.714849948833333,,-0.20445013083333308,0.07203127383695344
Croatia,Central and Eastern Europe,5.504700184,,0.874623716,70.21490479,0.714838803,-0.128538325,0.916495264,2020,5.883817672705882,,-0.3791174887058819,0.06691906941800381
Libya,Middle East and North Africa,5.488800049,,0.825942934,62.29999924,0.773157001,-0.085054487,0.668779135,2020,5.227158855058824,,0.261641193941176,0.052657672912737756
Mongolia,East Asia,5.456200123,,0.937142491,62.30448532,0.693351328,0.098093867,0.863511205,2020,5.714849948833333,,-0.2586498258333325,0.023417639999285738
Malaysia,Southeast Asia,5.384300232,,0.816509426,67.10215759,0.894626856,0.114726797,0.839302301,2020,5.383366690777778,,0.0009335412222224448,-0.04107192906641221
Vietnam,Southeast Asia,5.353499889,,0.849987149,67.9527359,0.939592957,-0.094533332,0.79642123,2020,5.383366690777778,,-0.029866801777777674,-0.0686978519922994
Indonesia,Southeast Asia,5.285600185,,0.808379889,62.15584946,0.870614409,0.519586504,0.876296401,2020,5.383366690777778,,-0.0977665057777779,-0.12959951108728263
Ivory Coast,Sub-Saharan Africa,5.233300209,,0.658048689,49.50377274,0.727909327,-0.043991156,0.790771961,2020,4.383494866205128,,0.8498053427948724,-0.17650921939805475
Benin,Sub-Saharan Africa,5.21600008,,0.468671143,54.31246567,0.735182583,-0.003537213,0.740532577,2020,4.383494866205128,,0.8325052137948719,-0.19202632030702577
Maldives,South Asia,5.197599888,,0.91316092,70.59999847,0.853962779,0.038085498,0.824211061,2020,4.4754427841428575,,0.7221571038571426,-0.20853010683997167
Congo (Brazzaville),Sub-Saharan Africa,5.194399834,,0.640228093,57.92448044,0.719058514,-0.123674095,0.751779079,2020,4.383494866205128,,0.8109049677948725,-0.21140034906950356
Azerbaijan,Commonwealth of Independent States,5.164800167,,0.819308281,65.50839996,0.786824107,-0.240255281,0.55253756,2020,5.358341614416666,,-0.19354144741666612,-0.23794934299382223
Macedonia,Central and Eastern Europe,5.159800053,,0.820392311,67.50442505,0.738840938,-0.019877451,0.897490501,2020,5.883817672705882,,-0.7240176197058821,-0.2424341230491827
Ghana,Sub-Saharan Africa,5.147999763,,0.728601098,57.20398712,0.794796526,0.094170853,0.847964764,2020,4.383494866205128,,0.7645048967948718,-0.25301822277960184
Nepal,South Asia,5.137199879,,0.785512447,63.77917862,0.797565043,0.154168829,0.738099158,2020,4.4754427841428575,,0.6617570948571423,-0.26270502279324187
Turkey,Middle East and North Africa,5.131800175,,0.826313555,66.90281677,0.608830452,-0.171046436,0.748197377,2020,5.227158855058824,,-0.09535868005882353,-0.2675482093293978
China,East Asia,5.123899937,,0.798760593,69.2891922,0.898517907,-0.18142575,0.7539711,2020,5.714849948833333,,-0.5909500118333328,-0.2746342137314974
Turkmenistan,Commonwealth of Independent States,5.119100094,,0.958966196,62.21170807,0.826457024,0.187671542,0.883691847,2020,5.358341614416666,,-0.23924152041666602,-0.278939363605132
Bulgaria,Central and Eastern Europe,5.101500034,,0.937840343,66.80397797,0.745178163,-0.143908441,0.935585141,2020,5.883817672705882,,-0.7823176387058819,-0.29472548329383147
Morocco,Middle East and North Africa,5.094799995,,0.592628479,65.89624023,0.772072434,-0.240377247,0.815724611,2020,5.227158855058824,,-0.13235886005882413,-0.3007349865326246
Cameroon,Sub-Saharan Africa,5.084899902,,0.700386405,52.7049408,0.763051808,-0.00149645,0.851336598,2020,4.383494866205128,,0.7014050357948722,-0.30961473200094963
Venezuela,Latin America and Caribbean,5.053199768,,0.890408158,66.50534058,0.62327832,-0.169090509,0.837038398,2020,5.981785706095239,,-0.9285859380952388,-0.3380477094721518
Algeria,Middle East and North Africa,5.005099773,,0.803385139,65.90517426,0.466610909,-0.121105164,0.735485137,2020,5.227158855058824,,-0.22205908205882352,-0.3811903054687463
Senegal,Sub-Saharan Africa,4.980800152,,0.723616004,59.59915161,0.690596163,-0.052335154,0.808785141,2020,4.383494866205128,,0.5973052857948717,-0.4029854996610412
Guinea,Sub-Saharan Africa,4.949299812,,0.637573481,54.46780014,0.706846774,0.076328471,0.761794448,2020,4.383494866205128,,0.5658049457948717,-0.43123927478878044
Niger,Sub-Saharan Africa,4.909599781,,0.617435038,53.50009537,0.759772122,0.013860817,0.722530186,2020,4.383494866205128,,0.526104914794872,-0.4668476443631492
Laos,Southeast Asia,4.888599873,,0.737502217,58.70992279,0.907213569,0.11137148,0.634679317,2020,5.383366690777778,,-0.4947668177777773,-0.4856832086248427
Albania,Central and Eastern Europe,4.882699966,,0.671070457,68.70813751,0.781994224,-0.042309489,0.896303713,2020,5.883817672705882,,-1.001117706705882,-0.49097504501938943
Cambodia,Southeast Asia,4.848400116,,0.773080647,61.52996826,0.959704638,0.051911179,0.822769046,2020,5.383366690777778,,-0.5349665747777781,-0.5217398002193393
Bangladesh,South Asia,4.832799911,,0.687292993,64.50306702,0.90062499,-0.033664726,0.661843538,2020,4.4754427841428575,,0.35735712685714294,-0.5357321788418117
Gabon,Sub-Saharan Africa,4.829299927,,0.787886858,59.71533966,0.704829216,-0.222261623,0.849150956,2020,4.383494866205128,,0.44580506079487225,-0.5388714389541372
South Africa,Sub-Saharan Africa,4.814099789,,0.852532268,56.50601196,0.759330094,-0.109777324,0.843423843,2020,4.383494866205128,,0.4306049227948723,-0.5525049832575513
Iraq,Middle East and North Africa,4.784800053,,0.747694969,59.90354919,0.633182645,-0.06956476,0.82226181,2020,5.227158855058824,,-0.4423588020588243,-0.5787849584021414
Lebanon,Middle East and North Africa,4.771500111,,0.824338138,67.10658264,0.551357508,-0.06121527,0.90225625,2020,5.227158855058824,,-0.455658744058824,-0.5907141493403969
Burkina Faso,Sub-Saharan Africa,4.768700123,,0.712943614,53.88945389,0.665563583,-0.019080516,0.739795029,2020,4.383494866205128,,0.3852052567948725,-0.5932255581478052
Gambia,Sub-Saharan Africa,4.750599861,,0.6931687,55.0120163,0.733163178,0.343198717,0.690717816,2020,4.383494866205128,,0.3671049947948726,-0.6094603267979583
Mali,Sub-Saharan Africa,4.729300022,,0.731468976,51.72698212,0.71156615,-0.044366926,0.839328408,2020,4.383494866205128,,0.3458051557948725,-0.6285649098393811
Nigeria,Sub-Saharan Africa,4.724100113,,0.73721689,49.86190796,0.759578407,0.033745807,0.861874342,2020,4.383494866205128,,0.3406052467948726,-0.6332288931351393
Armenia,Commonwealth of Independent States,4.676799774,,0.757479429,66.75065613,0.712017834,-0.13877961,0.773544788,2020,5.358341614416666,,-0.6815418404166662,-0.6756542492288147
Georgia,Commonwealth of Independent States,4.672599792,,0.629033029,64.49520874,0.801641524,-0.22892037,0.665944695,2020,5.358341614416666,,-0.6857418224166665,-0.6794213624399279
Iran,Middle East and North Africa,4.672399998,,0.694689691,66.00614929,0.647873282,0.117891103,0.714635968,2020,5.227158855058824,,-0.5547588570588236,-0.67960056478339
Jordan,Middle East and North Africa,4.633399963,,0.80216372,66.79975128,0.75104779,-0.162565202,0.700344324,2020,5.227158855058824,,-0.5937588920588244,-0.7145810830528432
Mozambique,Sub-Saharan Africa,4.623600006,,0.723874032,54.20582199,0.864451885,0.032375868,0.683019102,2020,4.383494866205128,,0.24010513979487236,-0.7233710129818375
Kenya,Sub-Saharan Africa,4.583000183,,0.702652037,60.09693146,0.829747558,0.294681519,0.831499159,2020,4.383494866205128,,0.19950531679487238,-0.7597864379984568
Namibia,Sub-Saharan Africa,4.571100235,,0.846880972,56.50148773,0.767520964,-0.18530646,0.851449788,2020,4.383494866205128,,0.18760536879487244,-0.7704599245330082
Ukraine,Commonwealth of Independent States,4.56069994,,0.878879368,64.60678101,0.663081884,-0.030933706,0.920636714,2020,5.358341614416666,,-0.7976416744166661,-0.7797883189627874
Liberia,Sub-Saharan Africa,4.557899952,,0.70928055,56.09631348,0.735268712,0.04227322,0.856375933,2020,4.383494866205128,,0.1744050857948718,-0.7822997277701966
Palestinian Territories,Middle East and North Africa,4.552800179,,0.825295925,62.25,0.645791829,-0.162079096,0.824199975,2020,5.227158855058824,,-0.6743586760588238,-0.7868738955266241
Uganda,Sub-Saharan Africa,4.43200016,,0.764994621,55.70820236,0.731713951,0.099487431,0.836737812,2020,4.383494866205128,,0.04850529379487245,-0.8952237283300993
Chad,Sub-Saharan Africa,4.422699928,,0.632388055,48.22053909,0.587305248,0.017834719,0.802760839,2020,4.383494866205128,,0.039205061794872265,-0.903565437135903
Tunisia,Middle East and North Africa,4.392199993,,0.688718557,66.89785767,0.593361557,-0.216413811,0.867590249,2020,5.227158855058824,,-0.8349588620588237,-0.9309219134437988
Mauritania,Sub-Saharan Africa,4.374599934,,0.790819228,57.01017761,0.551522553,-0.106008142,0.746223509,2020,4.383494866205128,,-0.008894932205127937,-0.9467080322355627
Sri Lanka,South Asia,4.327000141,,0.825374067,67.20006561,0.837633669,0.081129618,0.859001756,2020,4.4754427841428575,,-0.14844264314285738,-0.9894019792707036
Congo (Kinshasa),Sub-Saharan Africa,4.31099987,,0.672159016,52.90000153,0.700793564,0.083637655,0.809403598,2020,4.383494866205128,,-0.072494996205128,-1.0037531913153004
Swaziland,Sub-Saharan Africa,4.308100224,,0.770290196,51.18823624,0.646822274,-0.19920142,0.708263338,2020,4.383494866205128,,-0.07539464220512748,-1.006353986926841
Myanmar,Southeast Asia,4.308000088,,0.78440702,58.96171188,0.895075202,0.560663998,0.645124316,2020,5.383366690777778,,-1.0753666027777777,-1.0064438024661717
Comoros,Sub-Saharan Africa,4.288599968,,0.625662446,57.34901047,0.547612607,0.090008408,0.780622602,2020,4.383494866205128,,-0.09489489820512809,-1.0238444599806988
Togo,Sub-Saharan Africa,4.187200069,,0.551312625,54.71989822,0.649828613,0.002667875,0.757733464,2020,4.383494866205128,,-0.19629479720512766,-1.1147936352696468
Ethiopia,Sub-Saharan Africa,4.186200142,,0.743307352,58.63959122,0.740795195,0.043377332,0.753690004,2020,4.383494866205128,,-0.19729472420512817,-1.1156905053542927
Madagascar,Sub-Saharan Africa,4.165599823,,0.668195903,59.10542679,0.557574093,-0.011823639,0.817485631,2020,4.383494866205128,,-0.21789504320512787,-1.1341676640321254
Egypt,Middle East and North Africa,4.151400089,,0.735447824,61.78015137,0.708354175,-0.196878314,0.787726879,2020,5.227158855058824,,-1.075758766058824,-1.1469039104126317
Sierra Leone,Sub-Saharan Africa,3.926399946,,0.636142015,50.86514282,0.715315044,0.088660747,0.861330688,2020,4.383494866205128,,-0.45709492020512776,-1.348714539886192
Burundi,Sub-Saharan Africa,3.775300026,,0.490325719,53.40000153,0.626350224,-0.017551597,0.606934547,2020,4.383494866205128,,-0.6081948402051278,-1.484241431389566
Zambia,Sub-Saharan Africa,3.759399891,,0.698824465,55.29937744,0.806500256,0.078037128,0.801289678,2020,4.383494866205128,,-0.6240949752051277,-1.498502827894832
Haiti,Latin America and Caribbean,3.720799923,,0.593247831,55.59862518,0.537825167,0.40053457,0.684767246,2020,5.981785706095239,,-2.2609857830952387,-1.5331245118452255
Lesotho,Sub-Saharan Africa,3.652800083,,0.780495703,48.00362396,0.738125861,-0.145732045,0.857392073,2020,4.383494866205128,,-0.730694783205128,-1.5941159864795391
India,South Asia,3.573299885,,0.592200935,60.21518707,0.881444871,0.057551607,0.772042692,2020,4.4754427841428575,,-0.9021428991428575,-1.6654225411676074
Malawi,Sub-Saharan Africa,3.538000107,,0.544007301,57.59288788,0.803223193,0.021433279,0.731700778,2020,4.383494866205128,,-0.8454947592051281,-1.6970841673491381
Yemen,Middle East and North Africa,3.527400017,,0.817980587,56.72728348,0.599920273,-0.157735437,0.800287724,2020,5.227158855058824,,-1.6997588380588238,-1.7065917650193152
Botswana,Sub-Saharan Africa,3.478899956,,0.779121757,58.92445374,0.821328104,-0.250394493,0.777930915,2020,4.383494866205128,,-0.904594910205128,-1.750093194438034
Tanzania,Sub-Saharan Africa,3.476200104,,0.688933194,57.49607468,0.82153976,0.109668687,0.619799435,2020,4.383494866205128,,-0.9072947622051277,-1.752514787706112
Central African Republic,Sub-Saharan Africa,3.475899935,,0.319459856,45.20000076,0.640880644,0.082410358,0.891806662,2020,4.383494866205128,,-0.9075949312051277,-1.7527840199565041
Rwanda,Sub-Saharan Africa,3.312299967,,0.54083544,61.09884644,0.900589406,0.055483952,0.183541179,2020,4.383494866205128,,-1.071194899205128,-1.8995226490245505
Zimbabwe,Sub-Saharan Africa,3.299200058,,0.763092756,55.61725998,0.711457908,-0.072063953,0.81023699,2020,4.383494866205128,,-1.084294808205128,-1.9112724232517446
South Sudan,Sub-Saharan Africa,2.816600084,,0.553707123,51.0,0.451313615,0.016518548,0.763417304,2020,4.383494866205128,,-1.5668947822051278,-2.3441335016416542
Afghanistan,South Asia,2.566900015,,0.470366955,52.59000015,0.396573007,-0.0964294,0.933686554,2020,4.4754427841428575,,-1.9085427691428576,-2.5680983730972313
Finland,Western Europe,7.842,,0.954,72.0,0.949,-0.098,0.186,2021,6.914904761904761,,0.9270952380952382,2.1633263909697815
Denmark,Western Europe,7.62,,0.954,72.7,0.946,0.03,0.179,2021,6.914904761904761,,0.7050952380952387,1.9642066964408302
Switzerland,Western Europe,7.571,,0.942,74.4,0.919,0.025,0.292,2021,6.914904761904761,,0.6560952380952383,1.92025685395471
Iceland,Western Europe,7.554,,0.983,73.0,0.955,0.16,0.673,2021,6.914904761904761,,0.6390952380952388,1.9050089494187097
Netherlands,Western Europe,7.464,,0.942,72.4,0.913,0.175,0.338,2021,6.914904761904761,,0.549095238095239,1.8242847489339997
Norway,Western Europe,7.392,,0.954,73.3,0.96,0.093,0.27,2021,6.914904761904761,,0.4770952380952389,1.7597053885462315
Sweden,Western Europe,7.363,,0.934,72.7,0.945,0.086,0.237,2021,6.914904761904761,,0.448095238095239,1.7336942572789362
Luxembourg,Western Europe,7.324,,0.908,72.6,0.907,-0.034,0.386,2021,6.914904761904761,,0.4090952380952384,1.698713770402228
New Zealand,North America and ANZ,7.277,,0.948,73.4,0.929,0.134,0.242,2021,7.1285,,0.1485000000000003,1.6565577990379907
Austria,Western Europe,7.268,,0.934,73.3,0.908,0.042,0.481,2021,6.914904761904761,,0.35309523809523835,1.6484853789895193
Australia,North America and ANZ,7.183,,0.94,73.9,0.914,0.159,0.442,2021,7.1285,,0.05449999999999999,1.5722458563095154
Israel,Middle East and North Africa,7.157,,0.939,73.503,0.8,0.031,0.753,2021,5.219764705882353,,1.937235294117647,1.5489255317250439
Germany,Western Europe,7.155,,0.903,72.5,0.875,0.011,0.46,2021,6.914904761904761,,0.2400952380952388,1.5471316606031615
Canada,North America and ANZ,7.103,,0.926,73.8,0.915,0.089,0.415,2021,7.1285,,-0.025500000000000078,1.5004910114342176
Ireland,Western Europe,7.085,,0.947,72.4,0.879,0.077,0.363,2021,6.914904761904761,,0.17009523809523852,1.4843461713372756
Costa Rica,Latin America and Caribbean,7.069,,0.891,71.4,0.934,-0.126,0.809,2021,5.90805,,1.1609499999999997,1.469995202362216
United Kingdom,Western Europe,7.064,,0.934,72.5,0.859,0.233,0.459,2021,6.914904761904761,,0.1490952380952386,1.4655105245575102
Czech Republic,Central and Eastern Europe,6.965,,0.947,70.807,0.858,-0.208,0.868,2021,5.984764705882353,,0.9802352941176471,1.3767139040243288
United States,North America and ANZ,6.951,,0.92,68.2,0.837,0.098,0.698,2021,7.1285,,-0.1775000000000002,1.3641568061711515
Belgium,Western Europe,6.834,,0.906,72.199,0.783,-0.153,0.646,2021,6.914904761904761,,-0.08090476190476181,1.2592153455410284
France,Western Europe,6.69,,0.942,74.0,0.822,-0.147,0.571,2021,6.914904761904761,,-0.22490476190476105,1.1300566247654928
Bahrain,Middle East and North Africa,6.647,,0.862,69.495,0.925,0.089,0.722,2021,5.219764705882353,,1.4272352941176472,1.0914883956450203
Malta,Western Europe,6.602,,0.931,72.2,0.927,0.133,0.653,2021,6.914904761904761,,-0.31290476190476113,1.0511262954026652
Taiwan Province of China,East Asia,6.584,,0.898,69.6,0.784,-0.07,0.721,2021,5.810333333333333,,0.7736666666666663,1.0349814553057226
United Arab Emirates,Middle East and North Africa,6.561,,0.844,67.333,0.932,0.074,0.589,2021,5.219764705882353,,1.3412352941176469,1.0143519374040748
Saudi Arabia,Middle East and North Africa,6.494,,0.891,66.603,0.877,-0.149,0.684,2021,5.219764705882353,,1.2742352941176467,0.9542572548210126
Spain,Western Europe,6.491,,0.932,74.7,0.761,-0.081,0.745,2021,6.914904761904761,,-0.4239047619047618,0.9515664481381889
Italy,Western Europe,6.483,,0.88,73.8,0.693,-0.084,0.866,2021,6.914904761904761,,-0.4319047619047618,0.9443909636506591
Slovenia,Central and Eastern Europe,6.461,,0.948,71.4,0.949,-0.101,0.806,2021,5.984764705882353,,0.47623529411764753,0.9246583813099527
Guatemala,Latin America and Caribbean,6.435,,0.813,64.958,0.906,-0.038,0.775,2021,5.90805,,0.5269499999999994,0.9013380567254803
Uruguay,Latin America and Caribbean,6.431,,0.925,69.1,0.896,-0.092,0.59,2021,5.90805,,0.5229499999999998,0.8977503144817158
Singapore,Southeast Asia,6.377,,0.915,76.953,0.927,-0.018,0.082,2021,5.407555555555556,,0.9694444444444441,0.8493157941908895
Kosovo,Central and Eastern Europe,6.372,,0.821,63.813,0.869,0.257,0.917,2021,5.984764705882353,,0.3872352941176471,0.8448311163861835
Slovakia,Central and Eastern Europe,6.331,,0.936,69.201,0.766,-0.124,0.911,2021,5.984764705882353,,0.34623529411764764,0.8080567583875938
Brazil,Latin America and Caribbean,6.33,,0.882,66.601,0.804,-0.071,0.756,2021,5.90805,,0.4219499999999998,0.8071598228266523
Mexico,Latin America and Caribbean,6.317,,0.831,68.597,0.862,-0.147,0.799,2021,5.90805,,0.4089499999999999,0.7954996605344165
Jamaica,Latin America and Caribbean,6.309,,0.877,67.5,0.89,-0.137,0.884,2021,5.90805,,0.4009499999999999,0.7883241760468868
Lithuania,Central and Eastern Europe,6.255,,0.935,67.906,0.773,-0.203,0.826,2021,5.984764705882353,,0.27023529411764713,0.7398896557560604
Cyprus,Western Europe,6.223,,0.802,73.898,0.763,-0.015,0.844,2021,6.914904761904761,,-0.6919047619047616,0.7111877178059413
Estonia,Central and Eastern Europe,6.189,,0.941,68.8,0.909,-0.106,0.527,2021,5.984764705882353,,0.2042352941176473,0.6806919087339398
Panama,Latin America and Caribbean,6.18,,0.896,69.652,0.872,-0.166,0.856,2021,5.90805,,0.27194999999999947,0.6726194886854685
Uzbekistan,Commonwealth of Independent States,6.179,,0.918,65.255,0.97,0.311,0.515,2021,5.467,,0.7120000000000006,0.6717225531245278
Chile,Latin America and Caribbean,6.172,,0.882,70.0,0.742,-0.044,0.83,2021,5.90805,,0.26394999999999946,0.6654440041979387
Poland,Central and Eastern Europe,6.166,,0.898,69.702,0.841,-0.165,0.735,2021,5.984764705882353,,0.1812352941176476,0.660062390832292
Kazakhstan,Commonwealth of Independent States,6.152,,0.952,65.2,0.853,-0.069,0.733,2021,5.467,,0.6850000000000005,0.6475052929791146
Romania,Central and Eastern Europe,6.14,,0.832,67.355,0.845,-0.219,0.938,2021,5.984764705882353,,0.15523529411764692,0.6367420662478196
Kuwait,Middle East and North Africa,6.106,,0.843,66.9,0.867,-0.104,0.736,2021,5.219764705882353,,0.8862352941176468,0.6062462571758181
Serbia,Central and Eastern Europe,6.078,,0.873,68.6,0.778,0.002,0.835,2021,5.984764705882353,,0.09323529411764753,0.5811320614694643
El Salvador,Latin America and Caribbean,6.061,,0.762,66.402,0.888,-0.11,0.688,2021,5.90805,,0.1529499999999997,0.5658841569334632
Mauritius,Sub-Saharan Africa,6.049,,0.905,66.701,0.867,-0.054,0.789,2021,4.494472222222223,,1.5545277777777775,0.5551209302021689
Latvia,Central and Eastern Europe,6.032,,0.927,67.1,0.715,-0.162,0.8,2021,5.984764705882353,,0.047235294117647264,0.5398730256661678
Colombia,Latin America and Caribbean,6.012,,0.847,68.001,0.837,-0.135,0.841,2021,5.90805,,0.10394999999999932,0.5219343144473428
Hungary,Central and Eastern Europe,5.992,,0.943,68.0,0.755,-0.186,0.876,2021,5.984764705882353,,0.0072352941176472285,0.5039956032285188
Thailand,Southeast Asia,5.985,,0.888,67.401,0.884,0.287,0.895,2021,5.407555555555556,,0.5774444444444446,0.49771705430193053
Nicaragua,Latin America and Caribbean,5.972,,0.864,67.657,0.836,0.02,0.664,2021,5.90805,,0.06395000000000017,0.4860568920096947
Japan,East Asia,5.94,,0.884,75.1,0.796,-0.258,0.638,2021,5.810333333333333,,0.12966666666666704,0.45735495405957555
Argentina,Latin America and Caribbean,5.929,,0.898,69.0,0.828,-0.182,0.834,2021,5.90805,,0.020950000000000024,0.447488662889222
Portugal,Western Europe,5.929,,0.879,72.6,0.892,-0.244,0.887,2021,6.914904761904761,,-0.9859047619047612,0.447488662889222
Honduras,Latin America and Caribbean,5.919,,0.812,67.3,0.857,0.081,0.809,2021,5.90805,,0.01094999999999935,0.43851930727980915
Croatia,Central and Eastern Europe,5.882,,0.924,70.799,0.754,-0.118,0.939,2021,5.984764705882353,,-0.10276470588235309,0.40533269152498397
Philippines,Southeast Asia,5.88,,0.83,62.0,0.917,-0.097,0.742,2021,5.407555555555556,,0.4724444444444442,0.40353882040310174
South Korea,East Asia,5.845,,0.799,73.9,0.672,-0.083,0.727,2021,5.810333333333333,,0.0346666666666664,0.3721460757701588
Peru,Latin America and Caribbean,5.84,,0.832,68.25,0.822,-0.154,0.891,2021,5.90805,,-0.06805000000000039,0.3676613979654528
Bosnia and Herzegovina,Central and Eastern Europe,5.813,,0.87,68.098,0.706,0.113,0.931,2021,5.984764705882353,,-0.17176470588235304,0.34344413782003963
Moldova,Commonwealth of Independent States,5.766,,0.857,65.699,0.822,-0.079,0.918,2021,5.467,,0.2990000000000004,0.30128816645580236
Ecuador,Latin America and Caribbean,5.764,,0.821,68.8,0.842,-0.124,0.843,2021,5.90805,,-0.14405,0.29949429533392014
Kyrgyzstan,Commonwealth of Independent States,5.744,,0.893,64.401,0.935,0.119,0.908,2021,5.467,,0.27700000000000014,0.28155558411509524
Greece,Western Europe,5.723,,0.823,72.6,0.582,-0.288,0.823,2021,6.914904761904761,,-1.1919047619047616,0.26271993733532967
Bolivia,Latin America and Caribbean,5.716,,0.81,63.901,0.875,-0.077,0.839,2021,5.90805,,-0.19205000000000005,0.25644138840874137
Mongolia,East Asia,5.677,,0.935,62.5,0.708,0.116,0.856,2021,5.810333333333333,,-0.13333333333333375,0.22146090153203316
Paraguay,Latin America and Caribbean,5.653,,0.893,65.9,0.876,0.028,0.882,2021,5.90805,,-0.25505000000000067,0.19993444806944377
Montenegro,Central and Eastern Europe,5.581,,0.858,68.699,0.708,-0.034,0.812,2021,5.984764705882353,,-0.40376470588235236,0.13535508768167645
Dominican Republic,Latin America and Caribbean,5.545,,0.853,66.102,0.86,-0.133,0.714,2021,5.90805,,-0.3630500000000003,0.10306540748779199
North Cyprus,Western Europe,5.536,,0.82,73.898,0.795,0.012,0.626,2021,6.914904761904761,,-1.3789047619047619,0.09499298743932068
Belarus,Commonwealth of Independent States,5.534,,0.91,66.253,0.65,-0.18,0.627,2021,5.467,,0.06700000000000017,0.09319911631743842
Russia,Commonwealth of Independent States,5.477,,0.903,64.703,0.718,-0.111,0.845,2021,5.467,,0.010000000000000675,0.04207378934378916
Hong Kong S.A.R. of China,East Asia,5.477,,0.836,76.82,0.717,0.067,0.403,2021,5.810333333333333,,-0.33333333333333304,0.04207378934378916
Tajikistan,Commonwealth of Independent States,5.466,,0.86,64.281,0.832,-0.056,0.553,2021,5.467,,-0.0009999999999994458,0.03220749817343559
Vietnam,Southeast Asia,5.411,,0.85,68.034,0.94,-0.098,0.796,2021,5.407555555555556,,0.003444444444443917,-0.017123957678332226
Libya,Middle East and North Africa,5.41,,0.827,62.3,0.771,-0.087,0.667,2021,5.219764705882353,,0.19023529411764706,-0.018020893239272952
Malaysia,Southeast Asia,5.384,,0.817,67.102,0.895,0.125,0.839,2021,5.407555555555556,,-0.02355555555555533,-0.04134121782374458
Indonesia,Southeast Asia,5.345,,0.811,62.236,0.873,0.542,0.867,2021,5.407555555555556,,-0.06255555555555592,-0.07632170470045281
Congo (Brazzaville),Sub-Saharan Africa,5.342,,0.636,58.221,0.695,-0.068,0.745,2021,4.494472222222223,,0.8475277777777768,-0.07901251138327658
China,East Asia,5.339,,0.811,69.593,0.904,-0.146,0.755,2021,5.810333333333333,,-0.47133333333333294,-0.08170331806609955
Ivory Coast,Sub-Saharan Africa,5.306,,0.644,50.114,0.741,-0.016,0.794,2021,4.494472222222223,,0.8115277777777772,-0.11130219157716024
Armenia,Commonwealth of Independent States,5.283,,0.799,67.055,0.825,-0.168,0.629,2021,5.467,,-0.18399999999999928,-0.13193170947880808
Nepal,South Asia,5.269,,0.774,64.233,0.782,0.152,0.727,2021,4.441857142857143,,0.8271428571428574,-0.14448880733198544
Bulgaria,Central and Eastern Europe,5.266,,0.931,67.0,0.788,-0.096,0.932,2021,5.984764705882353,,-0.7187647058823528,-0.1471796140148092
Maldives,South Asia,5.198,,0.913,70.6,0.854,0.024,0.825,2021,4.441857142857143,,0.7561428571428577,-0.20817123215881203
Azerbaijan,Commonwealth of Independent States,5.171,,0.836,65.656,0.814,-0.223,0.506,2021,5.467,,-0.2959999999999994,-0.23238849230422517
Cameroon,Sub-Saharan Africa,5.142,,0.71,53.515,0.731,0.026,0.848,2021,4.494472222222223,,0.6475277777777775,-0.2583996235715206
Senegal,Sub-Saharan Africa,5.132,,0.71,59.802,0.695,-0.046,0.801,2021,4.494472222222223,,0.6375277777777768,-0.26736897918093344
Albania,Central and Eastern Europe,5.117,,0.697,68.999,0.785,-0.03,0.901,2021,5.984764705882353,,-0.8677647058823528,-0.2808230125950515
North Macedonia,Central and Eastern Europe,5.101,,0.805,65.474,0.751,0.038,0.905,2021,5.984764705882353,,-0.8837647058823528,-0.29517398157011104
Ghana,Sub-Saharan Africa,5.088,,0.727,57.586,0.807,0.123,0.848,2021,4.494472222222223,,0.5935277777777772,-0.30683414386234686
Niger,Sub-Saharan Africa,5.074,,0.641,53.78,0.806,0.018,0.693,2021,4.494472222222223,,0.579527777777777,-0.3193912417155242
Turkmenistan,Commonwealth of Independent States,5.066,,0.983,62.409,0.877,0.273,0.888,2021,5.467,,-0.4009999999999998,-0.326566726203054
Gambia,Sub-Saharan Africa,5.051,,0.69,55.16,0.697,0.424,0.746,2021,4.494472222222223,,0.5565277777777773,-0.34002075961717204
Benin,Sub-Saharan Africa,5.045,,0.489,54.713,0.757,-0.034,0.661,2021,4.494472222222223,,0.5505277777777771,-0.3454023729828196
Laos,Southeast Asia,5.03,,0.728,58.968,0.91,0.123,0.658,2021,5.407555555555556,,-0.3775555555555554,-0.35885640639693767
Bangladesh,South Asia,5.025,,0.693,64.8,0.877,-0.041,0.682,2021,4.441857142857143,,0.5831428571428576,-0.3633410842016437
Guinea,Sub-Saharan Africa,4.984,,0.639,55.008,0.697,0.095,0.766,2021,4.494472222222223,,0.4895277777777771,-0.40011544220023415
South Africa,Sub-Saharan Africa,4.956,,0.86,56.904,0.749,-0.067,0.86,2021,4.494472222222223,,0.46152777777777754,-0.425229637906588
Turkey,Middle East and North Africa,4.948,,0.822,67.199,0.576,-0.139,0.776,2021,5.219764705882353,,-0.2717647058823527,-0.4324051223941178
Pakistan,South Asia,4.934,,0.651,58.709,0.726,0.098,0.787,2021,4.441857142857143,,0.49214285714285744,-0.44496222024729515
Morocco,Middle East and North Africa,4.918,,0.56,66.208,0.774,-0.236,0.801,2021,5.219764705882353,,-0.30176470588235293,-0.45931318922235476
Venezuela,Latin America and Caribbean,4.892,,0.861,66.7,0.615,-0.169,0.827,2021,5.90805,,-1.01605,-0.4826335138068264
Georgia,Commonwealth of Independent States,4.891,,0.671,64.3,0.783,-0.238,0.655,2021,5.467,,-0.5759999999999996,-0.4835304493677679
Algeria,Middle East and North Africa,4.887,,0.802,66.005,0.48,-0.067,0.752,2021,5.219764705882353,,-0.3327647058823535,-0.4871181916115332
Ukraine,Commonwealth of Independent States,4.875,,0.888,64.902,0.724,-0.011,0.924,2021,5.467,,-0.5919999999999996,-0.4978814183428275
Iraq,Middle East and North Africa,4.854,,0.746,60.583,0.63,-0.053,0.875,2021,5.219764705882353,,-0.365764705882353,-0.5167170651225931
Gabon,Sub-Saharan Africa,4.852,,0.776,59.962,0.731,-0.2,0.84,2021,4.494472222222223,,0.35752777777777744,-0.5185109362444753
Burkina Faso,Sub-Saharan Africa,4.834,,0.672,54.151,0.695,-0.009,0.748,2021,4.494472222222223,,0.33952777777777676,-0.5346557763414179
Cambodia,Southeast Asia,4.83,,0.765,62.0,0.959,0.034,0.843,2021,5.407555555555556,,-0.5775555555555556,-0.5382435185851825
Mozambique,Sub-Saharan Africa,4.794,,0.744,54.706,0.882,0.061,0.684,2021,4.494472222222223,,0.2995277777777767,-0.5705331987790669
Nigeria,Sub-Saharan Africa,4.759,,0.74,50.102,0.737,0.037,0.878,2021,4.494472222222223,,0.2645277777777775,-0.6019259434120091
Mali,Sub-Saharan Africa,4.723,,0.724,51.969,0.697,-0.036,0.827,2021,4.494472222222223,,0.228527777777777,-0.6342156236058936
Iran,Middle East and North Africa,4.721,,0.71,66.3,0.608,0.218,0.714,2021,5.219764705882353,,-0.498764705882353,-0.6360094947277758
Uganda,Sub-Saharan Africa,4.636,,0.781,56.101,0.709,0.122,0.855,2021,4.494472222222223,,0.14152777777777725,-0.7122490174077797
Liberia,Sub-Saharan Africa,4.625,,0.72,56.498,0.735,0.05,0.85,2021,4.494472222222223,,0.13052777777777713,-0.7221153085781333
Kenya,Sub-Saharan Africa,4.607,,0.688,60.704,0.779,0.287,0.825,2021,4.494472222222223,,0.11252777777777734,-0.7382601486750751
Tunisia,Middle East and North Africa,4.596,,0.691,67.201,0.656,-0.201,0.87,2021,5.219764705882353,,-0.623764705882353,-0.7481264398454287
Lebanon,Middle East and North Africa,4.584,,0.848,67.355,0.525,-0.073,0.898,2021,5.219764705882353,,-0.6357647058823535,-0.7588896665767237
Namibia,Sub-Saharan Africa,4.574,,0.818,56.799,0.719,-0.149,0.847,2021,4.494472222222223,,0.07952777777777698,-0.7678590221861358
Palestinian Territories,Middle East and North Africa,4.517,,0.826,62.25,0.653,-0.163,0.821,2021,5.219764705882353,,-0.7027647058823527,-0.818984349159785
Myanmar,Southeast Asia,4.426,,0.779,59.302,0.876,0.509,0.66,2021,5.407555555555556,,-0.9815555555555555,-0.9006054852054366
Jordan,Middle East and North Africa,4.395,,0.767,67.0,0.755,-0.167,0.705,2021,5.219764705882353,,-0.8247647058823535,-0.928410487594615
Chad,Sub-Saharan Africa,4.355,,0.619,48.478,0.579,0.041,0.807,2021,4.494472222222223,,-0.13947222222222244,-0.9642879100322631
Sri Lanka,South Asia,4.325,,0.827,67.299,0.841,0.079,0.863,2021,4.441857142857143,,-0.11685714285714255,-0.9911959768605001
Swaziland,Sub-Saharan Africa,4.308,,0.77,50.833,0.647,-0.185,0.708,2021,4.494472222222223,,-0.18647222222222304,-1.006443881396501
Comoros,Sub-Saharan Africa,4.289,,0.626,57.349,0.548,0.082,0.781,2021,4.494472222222223,,-0.20547222222222317,-1.0234856570543844
Egypt,Middle East and North Africa,4.283,,0.75,61.998,0.749,-0.182,0.795,2021,5.219764705882353,,-0.9367647058823527,-1.0288672704200312
Ethiopia,Sub-Saharan Africa,4.275,,0.764,59.0,0.752,0.082,0.761,2021,4.494472222222223,,-0.2194722222222225,-1.036042754907561
Mauritania,Sub-Saharan Africa,4.227,,0.795,57.161,0.561,-0.106,0.731,2021,4.494472222222223,,-0.26747222222222256,-1.0790956618327399
Madagascar,Sub-Saharan Africa,4.208,,0.686,59.305,0.552,-0.005,0.803,2021,4.494472222222223,,-0.2864722222222227,-1.0961374374906232
Togo,Sub-Saharan Africa,4.107,,0.569,54.914,0.619,0.032,0.772,2021,4.494472222222223,,-0.38747222222222266,-1.1867279291456867
Zambia,Sub-Saharan Africa,4.073,,0.708,55.809,0.782,0.061,0.823,2021,4.494472222222223,,-0.42147222222222247,-1.217223738217688
Sierra Leone,Sub-Saharan Africa,3.849,,0.63,51.651,0.717,0.084,0.866,2021,4.494472222222223,,-0.6454722222222227,-1.4181373038685223
India,South Asia,3.819,,0.603,60.633,0.893,0.089,0.774,2021,4.441857142857143,,-0.6228571428571428,-1.4450453706967592
Burundi,Sub-Saharan Africa,3.775,,0.49,53.4,0.626,-0.024,0.607,2021,4.494472222222223,,-0.719472222222223,-1.4845105353781731
Yemen,Middle East and North Africa,3.658,,0.832,57.122,0.602,-0.147,0.8,2021,5.219764705882353,,-1.5617647058823532,-1.5894519960082962
Tanzania,Sub-Saharan Africa,3.623,,0.702,57.999,0.833,0.183,0.577,2021,4.494472222222223,,-0.8714722222222226,-1.6208447406412387
Haiti,Latin America and Caribbean,3.615,,0.54,55.7,0.593,0.422,0.721,2021,5.90805,,-2.29305,-1.6280202251287685
Malawi,Sub-Saharan Africa,3.6,,0.537,57.948,0.78,0.038,0.729,2021,4.494472222222223,,-0.8944722222222228,-1.641474258542887
Lesotho,Sub-Saharan Africa,3.512,,0.787,48.7,0.715,-0.131,0.915,2021,4.494472222222223,,-0.9824722222222229,-1.7204045879057146
Botswana,Sub-Saharan Africa,3.467,,0.784,59.269,0.824,-0.246,0.801,2021,4.494472222222223,,-1.0274722222222228,-1.7607666881480697
Rwanda,Sub-Saharan Africa,3.415,,0.552,61.4,0.897,0.061,0.167,2021,4.494472222222223,,-1.0794722222222228,-1.8074073373170132
Zimbabwe,Sub-Saharan Africa,3.145,,0.75,56.201,0.677,-0.047,0.821,2021,4.494472222222223,,-1.3494722222222229,-2.0495799387711435
Afghanistan,South Asia,2.523,,0.463,52.493,0.382,-0.102,0.924,2021,4.441857142857143,,-1.9188571428571426,-2.607473857676584
Finland,Western Europe,7.821,1.892,1.258,0.775,0.736,0.109,0.534,2022,6.895666666666666,1.9081904761904762,0.9253333333333336,2.1444907441900156
Denmark,Western Europe,7.636,1.953,1.243,0.777,0.719,0.188,0.532,2022,6.895666666666666,1.9081904761904762,0.740333333333334,1.9785576654158898
Iceland,Western Europe,7.557,1.936,1.32,0.803,0.718,0.27,0.191,2022,6.895666666666666,1.9081904761904762,0.6613333333333342,1.9076997561015334
Switzerland,Western Europe,7.512,2.026,1.226,0.822,0.677,0.147,0.461,2022,6.895666666666666,1.9081904761904762,0.6163333333333334,1.8673376558591777
Netherlands,Western Europe,7.415,1.945,1.206,0.787,0.651,0.271,0.419,2022,6.895666666666666,1.9081904761904762,0.5193333333333339,1.7803349064478795
Luxembourg,Western Europe,7.404,2.209,1.155,0.79,0.7,0.12,0.388,2022,6.895666666666666,1.9081904761904762,0.5083333333333337,1.770468615277526
Sweden,Western Europe,7.384,1.92,1.204,0.803,0.724,0.218,0.512,2022,6.895666666666666,1.9081904761904762,0.4883333333333342,1.7525299040587017
Norway,Western Europe,7.365,1.997,1.239,0.786,0.728,0.217,0.474,2022,6.895666666666666,1.9081904761904762,0.46933333333333405,1.7354881284008183
Israel,Middle East and Northern Africa,7.364,1.826,1.221,0.818,0.568,0.155,0.143,2022,5.170117647058824,1.482235294117647,2.193882352941176,1.734591192839877
New Zealand,Australia and New Zealand,7.2,1.852,1.235,0.752,0.68,0.245,0.483,2022,7.181,1.876,0.019000000000000128,1.5874937608455166
Austria,Western Europe,7.163,1.931,1.165,0.774,0.623,0.193,0.329,2022,6.895666666666666,1.9081904761904762,0.2673333333333341,1.5543071450906913
Australia,Australia and New Zealand,7.162,1.9,1.203,0.772,0.676,0.258,0.341,2022,7.181,1.876,-0.019000000000000128,1.55341020952975
Ireland,Western Europe,7.041,2.129,1.166,0.779,0.627,0.19,0.408,2022,6.895666666666666,1.9081904761904762,0.1453333333333342,1.4448810066558622
Germany,Western Europe,7.034,1.924,1.088,0.776,0.585,0.163,0.358,2022,6.895666666666666,1.9081904761904762,0.13833333333333364,1.438602457729273
Canada,North America,7.025,1.886,1.188,0.783,0.659,0.217,0.368,2022,7.001,1.934,0.02400000000000002,1.4305300376808028
United States,North America,6.977,1.982,1.182,0.628,0.574,0.22,0.177,2022,7.001,1.934,-0.02400000000000002,1.387477130755624
United Kingdom,Western Europe,6.943,1.867,1.143,0.75,0.597,0.289,0.329,2022,6.895666666666666,1.9081904761904762,0.04733333333333345,1.3569813216836217
Czech Republic,Central and Eastern Europe,6.92,1.815,1.26,0.715,0.66,0.158,0.048,2022,5.868206896551724,1.551103448275862,1.0517931034482757,1.336351803781974
Belgium,Western Europe,6.805,1.907,1.106,0.764,0.492,0.049,0.204,2022,6.895666666666666,1.9081904761904762,-0.09066666666666645,1.233204214273733
France,Western Europe,6.687,1.863,1.219,0.808,0.567,0.07,0.266,2022,6.895666666666666,1.9081904761904762,-0.2086666666666659,1.1273658180826691
Bahrain,Middle East and Northern Africa,6.647,1.854,1.029,0.625,0.693,0.199,0.155,2022,5.170117647058824,1.482235294117647,1.4768823529411765,1.0914883956450203
Slovenia,Central and Eastern Europe,6.63,1.81,1.249,0.769,0.685,0.118,0.115,2022,5.868206896551724,1.551103448275862,0.7617931034482757,1.076240491109019
Costa Rica,Latin America and Caribbean,6.582,1.584,1.054,0.744,0.661,0.089,0.102,2022,5.950368421052632,1.3487368421052632,0.6316315789473679,1.0331875841838403
United Arab Emirates,Middle East and Northern Africa,6.576,1.998,0.98,0.633,0.702,0.204,0.25,2022,5.170117647058824,1.482235294117647,1.405882352941176,1.0278059708181928
Saudi Arabia,Middle East and Northern Africa,6.523,1.87,1.092,0.577,0.651,0.078,0.18,2022,5.170117647058824,1.482235294117647,1.352882352941176,0.980268386088308
Taiwan Province of China,East Asia,6.512,1.897,1.095,0.733,0.542,0.075,0.168,2022,5.9685,1.927,0.5434999999999999,0.9704020949179545
Singapore,Southeastern Asia,6.48,2.149,1.127,0.851,0.672,0.163,0.587,2022,5.431666666666667,1.3967777777777777,1.0483333333333338,0.9417001569678362
Romania,Central and Eastern Europe,6.477,1.719,1.006,0.655,0.605,0.039,0.006,2022,5.868206896551724,1.551103448275862,0.6087931034482761,0.9390093502850123
Spain,Western Europe,6.476,1.808,1.211,0.808,0.505,0.101,0.149,2022,6.895666666666666,1.9081904761904762,-0.4196666666666662,0.9381124147240708
Uruguay,Latin America and Caribbean,6.474,1.615,1.18,0.672,0.665,0.103,0.265,2022,5.950368421052632,1.3487368421052632,0.5236315789473682,0.9363185436021886
Italy,Western Europe,6.467,1.834,1.052,0.801,0.412,0.085,0.059,2022,6.895666666666666,1.9081904761904762,-0.42866666666666653,0.9300399946755995
Kosovo,Central and Eastern Europe,6.455,1.362,0.949,0.569,0.599,0.309,0.035,2022,5.868206896551724,1.551103448275862,0.5867931034482758,0.9192767679443052
Malta,Western Europe,6.447,1.838,1.169,0.789,0.679,0.174,0.166,2022,6.895666666666666,1.9081904761904762,-0.4486666666666661,0.9121012834567754
Lithuania,Central and Eastern Europe,6.446,1.804,1.204,0.659,0.496,0.053,0.077,2022,5.868206896551724,1.551103448275862,0.5777931034482755,0.9112043478958339
Slovakia,Central and Eastern Europe,6.391,1.736,1.232,0.707,0.479,0.118,0.025,2022,5.868206896551724,1.551103448275862,0.5227931034482758,0.8618728920440669
Estonia,Central and Eastern Europe,6.341,1.793,1.232,0.728,0.689,0.123,0.333,2022,5.868206896551724,1.551103448275862,0.47279310344827596,0.8170261139970059
Panama,Latin America and Caribbean,6.309,1.715,1.107,0.709,0.592,0.049,0.051,2022,5.950368421052632,1.3487368421052632,0.3586315789473682,0.7883241760468868
Brazil,Latin America and Caribbean,6.293,1.462,1.044,0.615,0.546,0.131,0.134,2022,5.950368421052632,1.3487368421052632,0.3426315789473682,0.7739732070718272
Guatemala,Latin America and Caribbean,6.262,1.274,0.831,0.522,0.662,0.112,0.115,2022,5.950368421052632,1.3487368421052632,0.3116315789473676,0.7461682046826487
Kazakhstan,Central and Eastern Europe,6.234,1.668,1.22,0.611,0.584,0.134,0.157,2022,5.868206896551724,1.551103448275862,0.36579310344827576,0.7210540089762948
Cyprus,Western Europe,6.221,1.815,0.909,0.819,0.448,0.123,0.062,2022,6.895666666666666,1.9081904761904762,-0.6746666666666661,0.709393846684059
Latvia,Central and Eastern Europe,6.18,1.732,1.221,0.637,0.502,0.075,0.09,2022,5.868206896551724,1.551103448275862,0.3117931034482755,0.6726194886854685
Serbia,Central and Eastern Europe,6.178,1.55,1.086,0.658,0.546,0.219,0.088,2022,5.868206896551724,1.551103448275862,0.3097931034482757,0.6708256175635863
Chile,Latin America and Caribbean,6.172,1.651,1.08,0.748,0.46,0.124,0.069,2022,5.950368421052632,1.3487368421052632,0.22163157894736774,0.6654440041979387
Nicaragua,Latin America and Caribbean,6.165,1.105,1.029,0.617,0.617,0.168,0.212,2022,5.950368421052632,1.3487368421052632,0.21463157894736806,0.6591654552713505
Mexico,Latin America and Caribbean,6.128,1.552,0.886,0.623,0.621,0.092,0.115,2022,5.950368421052632,1.3487368421052632,0.17763157894736814,0.6259788395165252
Croatia,Central and Eastern Europe,6.125,1.705,1.183,0.709,0.535,0.109,0.0,2022,5.868206896551724,1.551103448275862,0.2567931034482758,0.6232880328337015
Poland,Central and Eastern Europe,6.123,1.758,1.174,0.712,0.523,0.124,0.14,2022,5.868206896551724,1.551103448275862,0.254793103448276,0.6214941617118193
El Salvador,Latin America and Caribbean,6.12,1.265,0.768,0.607,0.666,0.089,0.212,2022,5.950368421052632,1.3487368421052632,0.16963157894736813,0.6188033550289955
Kuwait,Middle East and Northern Africa,6.106,1.904,0.983,0.747,0.617,0.087,0.147,2022,5.170117647058824,1.482235294117647,0.9358823529411762,0.6062462571758181
Hungary,Central and Eastern Europe,6.086,1.748,1.233,0.668,0.485,0.078,0.064,2022,5.868206896551724,1.551103448275862,0.21779310344827607,0.5883075459569941
Mauritius,Sub-Saharan Africa,6.071,1.591,1.116,0.568,0.589,0.131,0.107,2022,4.479685714285714,0.9423428571428571,1.5913142857142857,0.5748535125428752
Uzbekistan,Central and Eastern Europe,6.063,1.219,1.092,0.6,0.716,0.283,0.24,2022,5.868206896551724,1.551103448275862,0.1947931034482755,0.5676780280553454
Japan,Eastern Asia,6.039,1.835,1.089,0.866,0.537,0.007,0.218,2022,5.83,1.64675,0.20899999999999963,0.546151574592756
Honduras,Latin America and Caribbean,6.022,1.111,0.885,0.555,0.582,0.202,0.076,2022,5.950368421052632,1.3487368421052632,0.07163157894736827,0.5309036700567558
Portugal,Western Europe,6.016,1.76,1.078,0.777,0.655,0.016,0.039,2022,6.895666666666666,1.9081904761904762,-0.8796666666666662,0.5255220566911082
Argentina,Latin America and Caribbean,5.967,1.592,1.102,0.662,0.555,0.081,0.085,2022,5.950368421052632,1.3487368421052632,0.016631578947367665,0.4815722142049879
Greece,Western Europe,5.948,1.703,0.98,0.774,0.249,0.015,0.108,2022,6.895666666666666,1.9081904761904762,-0.9476666666666658,0.46453043854710535
South Korea,Eastern Asia,5.935,1.851,0.886,0.841,0.414,0.111,0.176,2022,5.83,1.64675,0.10499999999999954,0.45287027625486875
Philippines,Southeastern Asia,5.904,1.268,0.912,0.514,0.678,0.107,0.142,2022,5.431666666666667,1.3967777777777777,0.47233333333333327,0.4250652738656911
Thailand,Southeastern Asia,5.891,1.535,1.096,0.697,0.617,0.321,0.026,2022,5.431666666666667,1.3967777777777777,0.45933333333333337,0.4134051115734553
Moldova,Central and Eastern Europe,5.857,1.417,1.008,0.597,0.561,0.102,0.028,2022,5.868206896551724,1.551103448275862,-0.011206896551724022,0.3829093025014539
Jamaica,Latin America and Caribbean,5.85,1.296,1.045,0.646,0.567,0.08,0.053,2022,5.950368421052632,1.3487368421052632,-0.10036842105263233,0.3766307535748648
Kyrgyzstan,Central and Eastern Europe,5.828,1.069,1.109,0.638,0.693,0.208,0.025,2022,5.868206896551724,1.551103448275862,-0.040206896551723936,0.35689817123415846
Belarus,Central and Eastern Europe,5.821,1.562,1.157,0.629,0.342,0.04,0.282,2022,5.868206896551724,1.551103448275862,-0.0472068965517245,0.3506196223075694
Colombia,Latin America and Caribbean,5.781,1.452,0.929,0.72,0.545,0.087,0.077,2022,5.950368421052632,1.3487368421052632,-0.16936842105263228,0.31474219986992047
Bosnia and Herzegovina,Central and Eastern Europe,5.768,1.468,1.068,0.665,0.448,0.244,0.006,2022,5.868206896551724,1.551103448275862,-0.10020689655172443,0.30308203757768465
Mongolia,Eastern Asia,5.761,1.393,1.197,0.467,0.398,0.247,0.059,2022,5.83,1.64675,-0.06899999999999995,0.29680348865109635
Dominican Republic,Latin America and Caribbean,5.737,1.538,1.003,0.577,0.606,0.084,0.179,2022,5.950368421052632,1.3487368421052632,-0.21336842105263187,0.275277035188507
Malaysia,Southeastern Asia,5.711,1.689,0.938,0.62,0.654,0.213,0.126,2022,5.431666666666667,1.3967777777777777,0.27933333333333366,0.25195671060403535
Bolivia,Latin America and Caribbean,5.6,1.256,0.88,0.555,0.627,0.112,0.064,2022,5.950368421052632,1.3487368421052632,-0.35036842105263233,0.152396863339559
China,Eastern Asia,5.585,1.508,0.958,0.705,0.656,0.099,0.142,2022,5.83,1.64675,-0.2450000000000001,0.13894282992544094
Paraguay,Latin America and Caribbean,5.578,1.409,1.13,0.624,0.629,0.171,0.059,2022,5.950368421052632,1.3487368421052632,-0.3723684210526317,0.13266428099885266
Peru,Latin America and Caribbean,5.559,1.397,0.865,0.735,0.545,0.09,0.037,2022,5.950368421052632,1.3487368421052632,-0.3913684210526318,0.11562250534096932
Montenegro,Central and Eastern Europe,5.547,1.573,1.023,0.659,0.46,0.135,0.077,2022,5.868206896551724,1.551103448275862,-0.3212068965517245,0.10485927860967424
Ecuador,Latin America and Caribbean,5.533,1.352,0.879,0.708,0.565,0.08,0.083,2022,5.950368421052632,1.3487368421052632,-0.4173684210526316,0.0923021807564977
Vietnam,Southeastern Asia,5.485,1.252,0.932,0.611,0.707,0.143,0.105,2022,5.431666666666667,1.3967777777777777,0.05333333333333368,0.04924927383131895
Turkmenistan,Central and Eastern Europe,5.474,1.484,1.319,0.516,0.649,0.314,0.032,2022,5.868206896551724,1.551103448275862,-0.39420689655172403,0.039382982660965384
North Cyprus,Western Europe,5.467,1.815,0.888,0.819,0.523,0.13,0.213,2022,6.895666666666666,1.9081904761904762,-1.4286666666666665,0.03310443373437632
Russia,Central and Eastern Europe,5.459,1.685,1.095,0.586,0.401,0.117,0.08,2022,5.868206896551724,1.551103448275862,-0.4092068965517246,0.025928949246846526
Hong Kong S.A.R. of China,East Asia,5.425,1.957,0.954,0.942,0.4,0.147,0.383,2022,5.9685,1.927,-0.5434999999999999,-0.004566859825154891
Armenia,Central and Eastern Europe,5.399,1.434,0.82,0.668,0.558,0.054,0.21,2022,5.868206896551724,1.551103448275862,-0.4692068965517242,-0.027887184409626516
Tajikistan,Central and Eastern Europe,5.377,0.966,1.005,0.518,0.572,0.118,0.304,2022,5.868206896551724,1.551103448275862,-0.49120689655172445,-0.04761976675033364
Nepal,Southern Asia,5.377,0.984,0.784,0.499,0.519,0.237,0.13,2022,4.2651666666666666,1.0721666666666667,1.1118333333333332,-0.04761976675033364
Bulgaria,Central and Eastern Europe,5.371,1.625,1.163,0.64,0.563,0.123,0.021,2022,5.868206896551724,1.551103448275862,-0.4972068965517238,-0.053001380115980386
Libya,Middle East and Northern Africa,5.33,1.476,0.943,0.606,0.477,0.106,0.179,2022,5.170117647058824,1.482235294117647,0.15988235294117636,-0.08977573811457087
Indonesia,Southeastern Asia,5.24,1.382,0.883,0.539,0.62,0.468,0.047,2022,5.431666666666667,1.3967777777777777,-0.19166666666666643,-0.17049993859928084
Ivory Coast,Sub-Saharan Africa,5.235,1.094,0.442,0.322,0.451,0.149,0.124,2022,4.479685714285714,0.9423428571428571,0.7553142857142863,-0.17498461640398685
North Macedonia,Central and Eastern Europe,5.199,1.505,0.863,0.637,0.488,0.215,0.031,2022,5.868206896551724,1.551103448275862,-0.6692068965517244,-0.2072742965978713
Albania,Central and Eastern Europe,5.199,1.439,0.646,0.719,0.511,0.138,0.028,2022,5.868206896551724,1.551103448275862,-0.6692068965517244,-0.2072742965978713
South Africa,Sub-Saharan Africa,5.194,1.425,1.088,0.361,0.442,0.089,0.046,2022,4.479685714285714,0.9423428571428571,0.7143142857142859,-0.21175897440257732
Azerbaijan,Central and Eastern Europe,5.173,1.458,1.093,0.56,0.601,0.023,0.341,2022,5.868206896551724,1.551103448275862,-0.6952068965517242,-0.23059462118234295
Gambia,Sub-Saharan Africa,5.164,0.785,0.621,0.369,0.367,0.388,0.103,2022,4.479685714285714,0.9423428571428571,0.6843142857142857,-0.23866704123081425
Bangladesh,Southern Asia,5.155,1.06,0.614,0.581,0.622,0.125,0.187,2022,4.2651666666666666,1.0721666666666667,0.8898333333333337,-0.24673946127928476
Laos,Southeastern Asia,5.14,1.239,0.654,0.479,0.679,0.197,0.184,2022,5.431666666666667,1.3967777777777777,-0.29166666666666696,-0.26019349469340364
Algeria,Middle East and Northern Africa,5.122,1.363,0.97,0.643,0.146,0.106,0.15,2022,5.170117647058824,1.482235294117647,-0.04811764705882382,-0.2763383347903455
Liberia,Sub-Saharan Africa,5.122,0.636,0.67,0.309,0.405,0.178,0.08,2022,4.479685714285714,0.9423428571428571,0.6423142857142858,-0.2763383347903455
Ukraine,Central and Eastern Europe,5.084,1.411,1.081,0.583,0.473,0.188,0.017,2022,5.868206896551724,1.551103448275862,-0.7842068965517246,-0.31042188610611215
Congo,Sub-Saharan Africa,5.075,0.95,0.405,0.355,0.431,0.13,0.146,2022,4.479685714285714,0.9423428571428571,0.5953142857142861,-0.3184943061545827
Morocco,Middle East and Northern Africa,5.06,1.208,0.268,0.565,0.492,0.02,0.102,2022,5.170117647058824,1.482235294117647,-0.1101176470588241,-0.33194833956870157
Mozambique,Sub-Saharan Africa,5.048,0.578,0.66,0.191,0.593,0.185,0.2,2022,4.479685714285714,0.9423428571428571,0.568314285714286,-0.34271156629999583
Cameroon,Sub-Saharan Africa,5.048,0.968,0.672,0.317,0.397,0.152,0.074,2022,4.479685714285714,0.9423428571428571,0.568314285714286,-0.34271156629999583
Senegal,Sub-Saharan Africa,5.046,0.933,0.53,0.447,0.494,0.143,0.081,2022,4.479685714285714,0.9423428571428571,0.5663142857142862,-0.34450543742187806
Niger,Sub-Saharan Africa,5.003,0.57,0.56,0.326,0.571,0.165,0.145,2022,4.479685714285714,0.9423428571428571,0.5233142857142861,-0.3830736665423508
Georgia,Central and Eastern Europe,4.973,1.467,0.612,0.595,0.508,0.0,0.208,2022,5.868206896551724,1.551103448275862,-0.8952068965517244,-0.40998173337058774
Gabon,Sub-Saharan Africa,4.958,1.459,0.738,0.396,0.343,0.032,0.099,2022,4.479685714285714,0.9423428571428571,0.47831428571428614,-0.4234357667847058
Iraq,Middle East and Northern Africa,4.941,1.289,0.682,0.554,0.328,0.147,0.046,2022,5.170117647058824,1.482235294117647,-0.22911764705882387,-0.4386836713207069
Venezuela,Latin America and Caribbean,4.925,0.0,0.968,0.578,0.283,0.225,0.082,2022,5.950368421052632,1.3487368421052632,-1.0253684210526322,-0.45303464029576646
Guinea,Sub-Saharan Africa,4.891,0.848,0.566,0.275,0.334,0.214,0.116,2022,4.479685714285714,0.9423428571428571,0.41131428571428597,-0.4835304493677679
Iran,Middle East and Northern Africa,4.888,1.41,0.741,0.642,0.281,0.241,0.146,2022,5.170117647058824,1.482235294117647,-0.2821176470588238,-0.4862212560505917
Ghana,Sub-Saharan Africa,4.872,1.112,0.595,0.409,0.5,0.23,0.056,2022,4.479685714285714,0.9423428571428571,0.39231428571428584,-0.5005722250256512
Turkey,Middle East and Northern Africa,4.744,1.707,0.865,0.702,0.209,0.087,0.115,2022,5.170117647058824,1.482235294117647,-0.42611764705882393,-0.6153799768261279
Burkina Faso,Sub-Saharan Africa,4.67,0.779,0.565,0.32,0.382,0.186,0.126,2022,4.479685714285714,0.9423428571428571,0.19031428571428588,-0.6817532083357783
Cambodia,Southeastern Asia,4.64,1.019,0.732,0.505,0.74,0.166,0.068,2022,5.431666666666667,1.3967777777777777,-0.791666666666667,-0.7086612751640152
Benin,Sub-Saharan Africa,4.623,0.932,0.064,0.335,0.479,0.127,0.23,2022,4.479685714285714,0.9423428571428571,0.14331428571428617,-0.7239091797000156
Comoros,Sub-Saharan Africa,4.609,0.899,0.476,0.424,0.185,0.195,0.125,2022,4.479685714285714,0.9423428571428571,0.12931428571428594,-0.7364662775531928
Uganda,Sub-Saharan Africa,4.603,0.777,0.875,0.418,0.402,0.222,0.066,2022,4.479685714285714,0.9423428571428571,0.12331428571428571,-0.7418478909188404
Nigeria,Sub-Saharan Africa,4.552,1.079,0.732,0.3,0.444,0.175,0.038,2022,4.479685714285714,0.9423428571428571,0.07231428571428555,-0.787591604526843
Kenya,Sub-Saharan Africa,4.543,1.032,0.605,0.401,0.44,0.322,0.082,2022,4.479685714285714,0.9423428571428571,0.0633142857142861,-0.7956640245753135
Tunisia,Middle East and Northern Africa,4.516,1.35,0.596,0.656,0.316,0.029,0.029,2022,5.170117647058824,1.482235294117647,-0.6541176470588237,-0.8198812847207266
Pakistan,Southern Asia,4.516,1.049,0.413,0.374,0.448,0.181,0.112,2022,4.2651666666666666,1.0721666666666667,0.25083333333333346,-0.8198812847207266
Palestinian Territories,Middle East and Northern Africa,4.483,1.148,0.957,0.521,0.336,0.073,0.079,2022,5.170117647058824,1.482235294117647,-0.687117647058824,-0.8494801582317872
Mali,Sub-Saharan Africa,4.479,0.792,0.483,0.311,0.35,0.128,0.042,2022,4.479685714285714,0.9423428571428571,-0.0006857142857139564,-0.8530679004755518
Namibia,Sub-Saharan Africa,4.459,1.292,0.877,0.354,0.384,0.067,0.071,2022,4.479685714285714,0.9423428571428571,-0.02068571428571442,-0.8710066116943767
Swaziland,Sub-Saharan Africa,4.396,1.274,0.786,0.197,0.259,0.038,0.154,2022,4.479685714285714,0.9423428571428571,-0.08368571428571414,-0.9275135520336735
Myanmar,Southeastern Asia,4.394,1.038,0.829,0.491,0.513,0.452,0.194,2022,5.431666666666667,1.3967777777777777,-1.0376666666666665,-0.9293074231555557
Sri Lanka,Southern Asia,4.362,1.415,0.934,0.66,0.529,0.15,0.079,2022,4.2651666666666666,1.0721666666666667,0.09683333333333355,-0.9580093611056749
Madagascar,Sub-Saharan Africa,4.339,0.67,0.645,0.378,0.202,0.143,0.154,2022,4.479685714285714,0.9423428571428571,-0.14068571428571364,-0.9786388790073227
Egypt,Middle East and Northern Africa,4.288,1.388,0.732,0.548,0.469,0.041,0.254,2022,5.170117647058824,1.482235294117647,-0.8821176470588235,-1.0243825926153252
Chad,Sub-Saharan Africa,4.251,0.662,0.506,0.225,0.18,0.182,0.077,2022,4.479685714285714,0.9423428571428571,-0.22868571428571371,-1.0575692083701504
Ethiopia,Sub-Saharan Africa,4.241,0.788,0.809,0.457,0.472,0.205,0.136,2022,4.479685714285714,0.9423428571428571,-0.2386857142857144,-1.0665385639795633
Yemen,Middle East and Northern Africa,4.197,0.691,1.043,0.384,0.33,0.09,0.098,2022,5.170117647058824,1.482235294117647,-0.9731176470588236,-1.1060037286609767
Mauritania,Sub-Saharan Africa,4.153,1.1,0.865,0.45,0.304,0.088,0.138,2022,4.479685714285714,0.9423428571428571,-0.32668571428571447,-1.145468893342391
Jordan,Middle East and Northern Africa,4.152,1.324,0.724,0.675,0.476,0.058,0.2,2022,5.170117647058824,1.482235294117647,-1.0181176470588236,-1.1463658289033318
Togo,Sub-Saharan Africa,4.112,0.771,0.322,0.36,0.292,0.174,0.132,2022,4.479685714285714,0.9423428571428571,-0.36768571428571395,-1.1822432513409806
India,Southern Asia,3.777,1.167,0.376,0.471,0.647,0.198,0.123,2022,4.2651666666666666,1.0721666666666667,-0.4881666666666664,-1.4827166642562903
Zambia,Sub-Saharan Africa,3.76,0.93,0.577,0.306,0.525,0.203,0.083,2022,4.479685714285714,0.9423428571428571,-0.7196857142857143,-1.4979645687922916
Malawi,Sub-Saharan Africa,3.75,0.648,0.279,0.388,0.477,0.14,0.157,2022,4.479685714285714,0.9423428571428571,-0.729685714285714,-1.5069339244017035
Tanzania,Sub-Saharan Africa,3.702,0.848,0.597,0.425,0.578,0.248,0.27,2022,4.479685714285714,0.9423428571428571,-0.7776857142857141,-1.5499868313268823
Sierra Leone,Sub-Saharan Africa,3.574,0.686,0.416,0.273,0.387,0.202,0.055,2022,4.479685714285714,0.9423428571428571,-0.9056857142857142,-1.664794583127359
Lesotho,Sub-Saharan Africa,3.512,0.839,0.848,0.0,0.419,0.076,0.018,2022,4.479685714285714,0.9423428571428571,-0.967685714285714,-1.7204045879057146
Botswana,Sub-Saharan Africa,3.471,1.503,0.815,0.28,0.571,0.012,0.102,2022,4.479685714285714,0.9423428571428571,-1.008685714285714,-1.7571789459043048
Rwanda,Sub-Saharan Africa,3.268,0.785,0.133,0.462,0.621,0.187,0.544,2022,4.479685714285714,0.9423428571428571,-1.2116857142857143,-1.9392568647753734
Zimbabwe,Sub-Saharan Africa,2.995,0.947,0.69,0.27,0.329,0.106,0.105,2022,4.479685714285714,0.9423428571428571,-1.484685714285714,-2.184120272912327
Lebanon,Middle East and Northern Africa,2.955,1.392,0.498,0.631,0.103,0.082,0.034,2022,5.170117647058824,1.482235294117647,-2.2151176470588236,-2.219997695349976
Afghanistan,Southern Asia,2.404,0.758,0.0,0.289,0.0,0.089,0.005,2022,4.2651666666666666,1.0721666666666667,-1.8611666666666666,-2.71420918942859
